1,89,Business,Business,0.41928441237067116
1,217,DSRM06_SM,Edison,0.42121811500590967
1,127,DSDA05_Platforms2,Edison,0.4251329393816362
1,264,Predictive Analytics,Machine_Learning,0.42595570977210184
1,270,Predictive_Analytics,Machine_Learning,0.42595570977210184
1,102,RM3,Research,0.4262151806546294
1,219,DSRM01_RM3,Edison,0.4262151806546294
1,133,DSDA01_PA,Edison,0.4268152894028442
1,312,Computer_Programming,Computer_Programming,0.4328990300501706
1,258,Machine learning,Machine_Learning,0.434916829954929
1,261,Machine_learning,Machine_Learning,0.434916829954929
1,204,DSENG01_EP,Edison,0.43977462028001646
1,42,6_BASIC_STATISTICAL_TOOLS,Statistics,0.44214810134736104
1,139,DSDA02_BST,Edison,0.44214810134736104
1,2,Bachelor_degree,Education,0.442657063415119
1,259,Information_Retrieval,Machine_Learning,0.44321483781398385
1,263,Information Retrieval,Machine_Learning,0.44321483781398385
1,194,DSDA03_AFDM,Edison,0.44380877412829467
1,6,Doctor_of_Philosophy,Education,0.4547285620628192
1,24,Math_Stats_tools,Math_Stats_tools,0.45621485278103924
1,46,DataAnalytics,Statistics,0.45710164379434715
1,123,DSDA02_DA,Edison,0.45710164379434715
1,87,Business communication,Business,0.45739180060953377
1,282,MonetDB,Databases,0.4582311094378547
1,20,Statistics,Math_Stats_tools,0.46117105451293217
1,41,Statistics,Statistics,0.46117105451293217
1,131,DSDA02_Stat,Edison,0.46117105451293217
1,40,StatisticalTechniques,Statistics,0.46312453622466765
1,155,DSDA02_ST,Edison,0.46312453622466765
1,253,Statistics,Machine_Learning,0.463869087430714
1,55,Onboarding,Recuting,0.46469738882610867
1,169,DSDK03_SM,Edison,0.46803008748932673
1,129,DSDM01_DMCP,Edison,0.4696389577678165
1,104,RM4,Research,0.4712930449012266
1,128,DSRM01_RM4,Edison,0.4712930449012266
1,297,PostgreSQL,Databases,0.47143349447697
1,315,Programmer,Computer_Programming,0.47248939613393137
1,180,DSDA05_Platforms1,Edison,0.472927940317468
1,7,Master_of_Science,Education,0.47837926095978656
1,26,Financial_economics,capital_market,0.4785609949359644
1,12,Graduate_school,Education,0.4787342687637455
1,316,C_Sharp,Computer_Programming,0.4800149474626586
1,66,SAS,statistical_software,0.4802054325527082
1,229,SAS,Software,0.4802054325527082
1,314,SAS,Computer_Programming,0.4802054325527082
1,221,DSDM04_DS,Edison,0.480647663540981
1,134,DSDK04_HBDATCHYO,Edison,0.4827617771931412
1,295,Database,Databases,0.4835551617151963
1,13,Master_of_Engineering,Education,0.484486603314485
1,299,Data_warehouse,Databases,0.4865273358291108
1,95,Corporate communication,Business,0.4867187271609321
1,167,DSDK02_S,Edison,0.487415909461545
1,1,Master's_degree_in_Europe,Education,0.48891486393008443
1,256,Data_mining,Machine_Learning,0.489868633162881
1,267,Data mining,Machine_Learning,0.489868633162881
1,301,New_product_development,ProductDevelopment,0.49342845281350156
1,254,Supervised_Learning,Machine_Learning,0.4953828368858092
1,255,Supervised Learning,Machine_Learning,0.4953828368858092
1,73,Octave,statistical_software,0.49621914295882386
1,235,Octave,Software,0.49621914295882386
1,121,DSDM06_ELACIPR,Edison,0.49636049613749245
1,23,Mathematics,Math_Stats_tools,0.49664174118694526
1,212,DSENG04_DB4,Edison,0.4967234304278373
1,283,DB4,Databases,0.4967234304278373
1,213,DSDA03_DA,Edison,0.4968563474572507
1,249,Television_advertisement,Advertising,0.49853036619224256
1,122,DSDK06_ADFM,Edison,0.498969556769039
1,198,DSDK01_BP,Edison,0.4996307500389211
1,90,Business Intelligence,Business,0.5005949649915701
1,327,Python,Computer_Programming,0.5006546583965585
1,10,Engineer_degree,Education,0.50077317857542
1,175,DSDA04_DB1,Edison,0.5008142853487624
1,224,DSDA05_DV,Edison,0.5019453384964412
1,28,CapitalMarket,capital_market,0.5019741962168542
1,318,Ruby,Computer_Programming,0.5024651959559798
1,170,DSDK02_HTDBDCS,Edison,0.5024869445950783
1,71,Weka,statistical_software,0.5031000614177448
1,233,Weka,Software,0.5031000614177448
1,176,DSDM02_DM101,Edison,0.5038642805118373
1,245,Advertising,Advertising,0.5038807325611677
1,181,DSRM06_DOI,Edison,0.5074260836994037
1,118,DSDA05_Platforms3,Edison,0.5077377407255952
1,154,DSDM04_DL,Edison,0.5081290887849859
1,31,Corporate_finance,capital_market,0.5085535962079537
1,52,Human_resource_management,Recuting,0.508629043365141
1,319,C++,Computer_Programming,0.509546536111696
1,18,BiomedicalEngineering,Biomedical,0.5103498358044036
1,91,Job interview,Business,0.5116941434074378
1,56,Human_resource_consulting,Recuting,0.5120826403178296
1,246,Mobile_marketing,Advertising,0.5146159641011817
1,320,Java,Computer_Programming,0.5155142172419045
1,178,DSDK03_TSOMISFESATP,Edison,0.5159077148883973
1,244,MarketingMix,Advertising,0.5161669811608931
1,275,ODBMS,Databases,0.5166260291442968
1,68,Git,statistical_software,0.5174648536433462
1,231,Git,Software,0.5174648536433462
1,29,Mathematical_finance,capital_market,0.5185325977766115
1,305,CAD,ProductDevelopment,0.5200287074504897
1,311,C,Computer_Programming,0.5207195556405174
1,324,Scala,Computer_Programming,0.5213982863060962
1,146,DSDK02_BDNPD,Edison,0.5225548785215879
1,150,DSENG03_ATFDM,Edison,0.5235534093746461
1,317,Objective-C,Computer_Programming,0.5265161012234705
1,222,DSRM06_Ing,Edison,0.5287899948585384
1,153,DSDA04_DB3,Edison,0.5298307669277103
1,183,DSDA05_CDV,Edison,0.5307326021985577
1,202,DSDM02_DM,Edison,0.5320057028602523
1,15,Master_of_Laws,Education,0.533055613620802
1,329,JavaScript,Computer_Programming,0.5347152454637427
1,276,MySQL,Databases,0.5347335486266808
1,81,E-commerce,e-commerce,0.5353052033926315
1,260,Categorization,Machine_Learning,0.5359041173940511
1,211,DSDA06_DVT,Edison,0.5368673131072398
1,32,Financial_market,capital_market,0.537163086457874
1,74,MATLAB,statistical_software,0.5375065696735166
1,236,MATLAB,Software,0.5375065696735166
1,94,Business Model,Business,0.5376812377064237
1,164,DSDA04_DB4,Edison,0.538049646543208
1,137,DSDM02_DBM,Edison,0.5384521284259813
1,287,CouchDB,Databases,0.5389693178441533
1,34,FinancialRegulation,capital_market,0.5398732925379509
1,54,Employment_agency,Recuting,0.5401016713697897
1,199,DSDK03_TROFITSPADMP,Edison,0.5407337666420367
1,98,RM2,Research,0.5417383040497374
1,185,DSRM01_RM2,Edison,0.5417383040497374
1,268,Statistical method,Machine_Learning,0.5419773462436623
1,271,Statistical_method,Machine_Learning,0.5419773462436623
1,92,Project management,Business,0.5429667314315088
1,322,PHP,Computer_Programming,0.5434662897192699
1,201,DSDA04_DB,Edison,0.5435833553196892
1,138,DSDM01_WADMP,Edison,0.5442186558684705
1,281,Database2,Databases,0.5445731321868933
1,25,Financial_services,capital_market,0.5446718803934172
1,132,DSENG06_DB,Edison,0.5449379163303179
1,171,DSDM01_DMP,Edison,0.5452689314232197
1,262,Text mining,Machine_Learning,0.5460960251969282
1,265,Text_mining,Machine_Learning,0.5460960251969282
1,106,DSRM06_Contribute_research_objectives,Research,0.5463733545146212
1,186,DSRM05_CRO,Edison,0.5463733545146212
1,17,Biomedicine,Biomedical,0.5464877438572557
1,273,MongoDB,Databases,0.5469049559425792
1,210,DSDM03_DI3,Edison,0.5471564321700307
1,8,Master_degree,Education,0.5479571684261191
1,207,DSENG06_BDAA,Edison,0.5481018336774318
1,88,Business Management,Business,0.5485363725688315
1,309,RequirementsManagement,ProductDevelopment,0.5495735452266177
1,220,DSENG03_DM5,Edison,0.5497131864173137
1,308,Product,ProductDevelopment,0.5500897953126114
1,44,Important_Methods_For_Statistical_Data_Analysis,Statistics,0.5505920360027368
1,136,DSDA02_IMFSDA,Edison,0.5505920360027368
1,112,DSDM05_FDDTDC,Edison,0.5522831258666961
1,39,A_Guide_to_Statistical_Techniques,Statistics,0.5525907855727981
1,114,DSDM06_EORDM,Edison,0.5528339472372334
1,325,PL-SQL,Computer_Programming,0.5530712351377027
1,78,Mathematica,statistical_software,0.5541932100788955
1,240,Mathematica,Software,0.5541932100788955
1,0,First_professional_degree,Education,0.5549349637199861
1,144,DSDK06_Marketing,Edison,0.5579468707333965
1,214,DSENG04_RNRD,Edison,0.5581160376246183
1,292,DSENG04_Relational_non-relational_databases,Databases,0.5581160376246183
1,216,DSDM03_DCAI,Edison,0.558900783355463
1,333,R,Computer_Programming,0.5590959410963565
1,173,DSDA03_BDTA,Edison,0.5593962809962654
1,182,DSDM04_DA,Edison,0.5595346697869584
1,257,Clustering,Machine_Learning,0.5597509026849217
1,5,Terminal_degree,Education,0.5629452492399807
1,250,Viral_marketing,Advertising,0.5632979542963438
1,228,DSENG03_DM4,Edison,0.5636690531050897
1,125,DSDA03_HPACIDM,Edison,0.5649728227204633
1,323,System_programming,Computer_Programming,0.5664409009092679
1,177,DSRM04_DSAAP,Edison,0.5670841711547414
1,148,DSDM03_DI2,Edison,0.5676179314931917
1,326,Julia,Computer_Programming,0.5698877685317634
1,64,Hadoop,Distributed,0.5708143146964357
1,61,Grid_computing,Distributed,0.5711860490663354
1,62,Grid computing,Distributed,0.5711860490663354
1,252,Unsupervised_learning,Machine_Learning,0.57161373117888
1,266,Unsupervised learning,Machine_Learning,0.57161373117888
1,130,DSDM01_DMC,Edison,0.5717382645746236
1,107,RMO,Research,0.5727661409575375
1,174,DSRM05_RMO,Edison,0.5727661409575375
1,38,Stock_Trader,capital_market,0.5767638936100439
1,58,Hortonworks,Distributed,0.5771664268635206
1,37,Finance,capital_market,0.5781225843725686
1,77,Waffles,statistical_software,0.5803889121104009
1,239,Waffles,Software,0.5803889121104009
1,57,Distributed Computing,Distributed,0.5807817775859849
1,63,Distributed_Computing,Distributed,0.5807817775859849
1,172,DSENG04_DB1,Edison,0.5812993329719109
1,278,DB1,Databases,0.5812993329719109
1,291,NoSQL,Databases,0.5820641914952367
1,49,Executive_search,Recuting,0.5834018465907445
1,59,Cloud_Computing,Distributed,0.5836637810284264
1,65,Cloud Computing,Distributed,0.5836637810284264
1,208,DSDA04_DB2,Edison,0.5847836941252843
1,141,DSRM06_TCAIPSIS,Edison,0.5861802195126551
1,218,DSENG03_DM3,Edison,0.5876476292972801
1,126,DSENG04_DB3,Edison,0.588091211938885
1,294,DB3,Databases,0.588091211938885
1,200,DSDM05_DS,Edison,0.5892924996005409
1,192,DSDM06_IPRIDM,Edison,0.5902041067937679
1,290,SPARQL,Databases,0.5903972741651338
1,72,Oracle Data Mining,statistical_software,0.5914360351037947
1,80,Oracle_Data_Mining,statistical_software,0.5914360351037947
1,234,Oracle Data Mining,Software,0.5914360351037947
1,242,Oracle_Data_Mining,Software,0.5914360351037947
1,120,DSENG04_DB6,Edison,0.5918994584118773
1,280,DB6,Databases,0.5918994584118773
1,156,DSDK05_ACD,Edison,0.5931075434347136
1,105,DSRM02_Systematic_study,Research,0.5934339585795303
1,149,DSRM02_SysS,Edison,0.5934339585795303
1,97,UndergraduateResearch,Research,0.5944746383431514
1,160,DSENG02_CS2,Edison,0.5945048267983561
1,75,GATE,statistical_software,0.5945564052585437
1,237,GATE,Software,0.5945564052585437
1,303,VirtualProductDevelopment,ProductDevelopment,0.5947135525973203
1,99,IsOperationsResearchReallyResearch,Research,0.5947439783907162
1,197,DSRM03_IORRR,Edison,0.5947439783907162
1,226,DSDM04_DG,Edison,0.5950916342082841
1,332,Software_developer,Computer_Programming,0.5959819955215828
1,330,Software_engineer,Computer_Programming,0.5965553972708666
1,36,Stock_Exchange,capital_market,0.5966949972958078
1,334,Computer_network,Computer_Programming,0.5975648189136196
1,96,ScholarlyMethod,Research,0.6000253305680208
1,11,Educational_specialist,Education,0.6019103536448895
1,70,SPSS,statistical_software,0.6022477215496569
1,232,SPSS,Software,0.6022477215496569
1,285,Microsoft_SQL_Server,Databases,0.6036518480403035
1,328,Software_architecture,Computer_Programming,0.6046638703713267
1,14,Professional_Science_Master's_Degree,Education,0.6078242337183705
1,195,DSDK03_SFM,Edison,0.6119168633629208
1,111,SS,Research,0.612151159916779
1,116,DSRM02_SS,Edison,0.612151159916779
1,306,MarketPenetration,ProductDevelopment,0.6122982014643108
1,4,Chemistry_Quality_Eurolabels,Education,0.6125784436228637
1,300,Time_toMarket,ProductDevelopment,0.6146936612119718
1,251,Video_commerce,Advertising,0.6149122667190625
1,313,pbdR,Computer_Programming,0.6178950972684359
1,79,Software,statistical_software,0.6205684515861869
1,241,Software,Software,0.6205684515861869
1,286,IBM_DB2,Databases,0.6251409923218048
1,184,DSDM06_EIIDM,Edison,0.6256404183678759
1,33,Financial_market_efficiency,capital_market,0.6258593222447681
1,51,Employment_websites,Recuting,0.6261666626367671
1,189,DSDM01_DM,Edison,0.6271152581700606
1,109,Primary_Research,Research,0.6274390377170822
1,288,Oracle_Database,Databases,0.6287031637686371
1,16,BiomedicalEngineers2,Biomedical,0.6288277811349441
1,83,Types_of_e-commerce,e-commerce,0.6288470286678898
1,93,Service-oriented modeling,Business,0.6295168608354988
1,101,RM5,Research,0.629820779391609
1,206,DSRM01_RM5,Edison,0.629820779391609
1,30,Financial_instrument,capital_market,0.6308947900931421
1,321,Objective-J,Computer_Programming,0.6317832366841032
1,215,DSENG05_DS1,Edison,0.6325152293912628
1,284,Data_mart,Databases,0.6334148492616815
1,179,DSDK04_ASI,Edison,0.6351567438829708
1,277,RDBMS,Databases,0.6354140600880853
1,103,DSRM01_Scientific_method,Research,0.6386530433454435
1,193,DSRM01_SM,Edison,0.6386530433454435
1,113,DSDM05_DP,Edison,0.6388818162805496
1,157,DSENG03_DM1,Edison,0.6391748792871159
1,76,KNIME,statistical_software,0.6462143207611614
1,238,KNIME,Software,0.6462143207611614
1,147,DSENG05_DS2,Edison,0.6464761419391207
1,60,Cloudera,Distributed,0.6472252781780268
1,163,DSENG02_CS,Edison,0.6487405277559841
1,22,List_of_statistical_packages,Math_Stats_tools,0.6493347436696859
1,69,List_of_statistical_packages,statistical_software,0.6493347436696859
1,3,Master_of_Applied_Science,Education,0.6497404013219077
1,298,db,Databases,0.649844928594688
1,43,List_of_statistical_packages,Statistics,0.6503899273401034
1,142,DSDA02_LOSP,Edison,0.6503899273401034
1,53,Employment_agencies,Recuting,0.6526619786364356
1,27,FinanceCapitalism,capital_market,0.6552699374304616
1,100,Secondary_research,Research,0.6571487520790957
1,19,_BiomedicalEngineers,Biomedical,0.6576162569469839
1,168,DSDM03_DI4,Edison,0.6580680666971312
1,45,Correlation,Statistics,0.6585407321159662
1,140,DSDA02_CoR,Edison,0.6585407321159662
1,48,Executive_search_firms,Recuting,0.6593447475028146
1,293,database,Databases,0.6611123656359685
1,152,DSENG02_CS1,Edison,0.6638238954372409
1,272,Apache_HBase,Databases,0.6644416948446406
1,108,RM1,Research,0.6652310760550233
1,115,DSRM06_RM1,Edison,0.6652310760550233
1,135,DSRM01_RM1,Edison,0.6652310760550233
1,269,Classification,Machine_Learning,0.6660311588386331
1,124,DSENG04_DB2,Edison,0.6663839731192058
1,274,DB2,Databases,0.6663839731192058
1,331,Transact-SQL,Computer_Programming,0.6666986341707526
1,243,Co-marketing,Advertising,0.6729496005913085
1,190,DSENG04_DB5,Edison,0.6747171268401355
1,279,DB5,Databases,0.6747171268401355
1,304,Product_life-CycleManagement,ProductDevelopment,0.6755905424654038
1,47,Summary_Table_for_Statistical_Techniques,Statistics,0.6819678783726325
1,151,DSRM04_EAP,Edison,0.6828149388479245
1,86,Digital_economy,e-commerce,0.684765100126993
1,67,JMP,statistical_software,0.6888400677146611
1,230,JMP,Software,0.6888400677146611
1,296,Elasticsearch,Databases,0.690694029170617
1,85,Non-store_retailing,e-commerce,0.6918728125013123
1,82,Online_marketplace,e-commerce,0.6932100319537916
1,50,Personality-job_fit_theory,Recuting,0.7046476043399363
1,145,DSENG06_LORS,Edison,0.7061123518895744
1,84,E-commerce_credit_card_payment_system,e-commerce,0.7074809709619103
1,162,DSDM01_DMSP,Edison,0.7100887428271823
1,9,European_Joint_Master_degree_in_Economics,Education,0.7117290778398611
1,209,DSDM02_DBMS-DM,Edison,0.7127312201462508
1,166,DSRM04_SP,Edison,0.7135709689831848
1,110,FrascatiDefinitionofResearch,Research,0.7153025899487839
1,161,DSRM03_FDOR,Edison,0.7153025899487839
1,119,DSDK01_BPD,Edison,0.7174829550867023
1,187,DSENG02_CS3,Edison,0.7232250912092504
1,310,C--,Computer_Programming,0.7232657146676722
1,223,DSDK04_AS,Edison,0.7288926972592573
1,307,Pro-innovation_bias,ProductDevelopment,0.7357499126414491
1,248,Meta-advertising,Advertising,0.7366649743756121
1,247,Interactive_advertising,Advertising,0.7390385827397841
1,188,DSRM04_SPIA,Edison,0.7392429715165967
1,191,DSDA06_SV,Edison,0.7438046793993055
1,143,DSDA05_BDAP,Edison,0.7540593749188929
1,227,DSENG05_SSM,Edison,0.7544988726915692
1,165,DSDM03_DI1,Edison,0.7629433638356267
1,225,DSENG03_DM2,Edison,0.7673985289807622
1,159,DSDM03_DI5,Edison,0.7686154391627944
1,205,DSDM05_DFM,Edison,0.7802503013553084
1,203,DSENG05_DS4,Edison,0.7897726682969348
1,117,DSENG06_AA,Edison,0.7919036631224461
1,35,Investment_theory,capital_market,0.8020762324386583
1,289,Databases,Databases,0.8097249360114978
1,196,DSDA04_DI,Edison,0.8283107539410662
1,158,DSENG06_OR,Edison,0.8317666693842076
1,21,Lists_of_mathematics_topics,Math_Stats_tools,0.8355552527614658
1,302,productDevelopment,ProductDevelopment,0.8579211238748035
2,89,Business,Business,0.32511776867934894
2,244,MarketingMix,Advertising,0.3452398252436235
2,20,Statistics,Math_Stats_tools,0.3504163760872736
2,41,Statistics,Statistics,0.3504163760872736
2,131,DSDA02_Stat,Edison,0.3504163760872736
2,253,Statistics,Machine_Learning,0.3504420978193937
2,169,DSDK03_SM,Edison,0.3653232752880826
2,264,Predictive Analytics,Machine_Learning,0.3696507560540925
2,270,Predictive_Analytics,Machine_Learning,0.3696507560540925
2,133,DSDA01_PA,Edison,0.3718507244983068
2,26,Financial_economics,capital_market,0.37281053024636257
2,127,DSDA05_Platforms2,Edison,0.3821127639764961
2,194,DSDA03_AFDM,Edison,0.3877043447394377
2,90,Business Intelligence,Business,0.3893876394572905
2,217,DSRM06_SM,Edison,0.39097893105361203
2,173,DSDA03_BDTA,Edison,0.39223905870039866
2,23,Mathematics,Math_Stats_tools,0.3947233636184402
2,295,Database,Databases,0.39888442035415017
2,299,Data_warehouse,Databases,0.3997264340781399
2,46,DataAnalytics,Statistics,0.4007958481354844
2,123,DSDA02_DA,Edison,0.4007958481354844
2,102,RM3,Research,0.40118750134464154
2,219,DSRM01_RM3,Edison,0.40118750134464154
2,42,6_BASIC_STATISTICAL_TOOLS,Statistics,0.40145932051120714
2,139,DSDA02_BST,Edison,0.40145932051120714
2,224,DSDA05_DV,Edison,0.4025258527953356
2,301,New_product_development,ProductDevelopment,0.40382866163635833
2,212,DSENG04_DB4,Edison,0.4045105746864328
2,283,DB4,Databases,0.4045105746864328
2,297,PostgreSQL,Databases,0.4087612884056353
2,198,DSDK01_BP,Edison,0.40888364001002986
2,175,DSDA04_DB1,Edison,0.40966046864667016
2,88,Business Management,Business,0.4103093611951528
2,29,Mathematical_finance,capital_market,0.41130693807811336
2,55,Onboarding,Recuting,0.411807806906325
2,24,Math_Stats_tools,Math_Stats_tools,0.41571656104061694
2,318,Ruby,Computer_Programming,0.4169833807171732
2,87,Business communication,Business,0.4207819978155647
2,129,DSDM01_DMCP,Edison,0.421157181451041
2,287,CouchDB,Databases,0.42300313792765354
2,146,DSDK02_BDNPD,Edison,0.42631201271780206
2,141,DSRM06_TCAIPSIS,Edison,0.42696800753425523
2,245,Advertising,Advertising,0.4270617523698571
2,164,DSDA04_DB4,Edison,0.42891809303464123
2,81,E-commerce,e-commerce,0.4291213613633642
2,104,RM4,Research,0.43108266066463397
2,128,DSRM01_RM4,Edison,0.43108266066463397
2,282,MonetDB,Databases,0.4320841561657671
2,249,Television_advertisement,Advertising,0.43361948912477055
2,259,Information_Retrieval,Machine_Learning,0.43419293172521456
2,263,Information Retrieval,Machine_Learning,0.43419293172521456
2,214,DSENG04_RNRD,Edison,0.43683644384332043
2,292,DSENG04_Relational_non-relational_databases,Databases,0.43683644384332043
2,176,DSDM02_DM101,Edison,0.4374441357420895
2,167,DSDK02_S,Edison,0.4377320685587299
2,92,Project management,Business,0.439271520787354
2,324,Scala,Computer_Programming,0.44195986291809863
2,204,DSENG01_EP,Edison,0.44198308698669864
2,2,Bachelor_degree,Education,0.4425218697655996
2,256,Data_mining,Machine_Learning,0.44277696825348545
2,267,Data mining,Machine_Learning,0.44277696825348545
2,91,Job interview,Business,0.4441977787408038
2,320,Java,Computer_Programming,0.4445271990601497
2,273,MongoDB,Databases,0.444624978503939
2,246,Mobile_marketing,Advertising,0.4457540743113497
2,18,BiomedicalEngineering,Biomedical,0.44587040167269354
2,118,DSDA05_Platforms3,Edison,0.44635534806847765
2,52,Human_resource_management,Recuting,0.448221031543247
2,327,Python,Computer_Programming,0.44853253937395465
2,6,Doctor_of_Philosophy,Education,0.4501311557132438
2,312,Computer_Programming,Computer_Programming,0.45141040329901405
2,122,DSDK06_ADFM,Edison,0.4535605870839011
2,257,Clustering,Machine_Learning,0.454009546350965
2,183,DSDA05_CDV,Edison,0.4543490162868843
2,144,DSDK06_Marketing,Edison,0.4543610914579941
2,181,DSRM06_DOI,Edison,0.45456998325280096
2,134,DSDK04_HBDATCHYO,Edison,0.45519560836070405
2,308,Product,ProductDevelopment,0.45523707511050737
2,180,DSDA05_Platforms1,Edison,0.4562165090481888
2,130,DSDM01_DMC,Edison,0.4567862965420971
2,178,DSDK03_TSOMISFESATP,Edison,0.45680428549793506
2,250,Viral_marketing,Advertising,0.45702847280678993
2,211,DSDA06_DVT,Edison,0.4577576860255004
2,1,Master's_degree_in_Europe,Education,0.4579972042534264
2,171,DSDM01_DMP,Edison,0.4586090906582019
2,31,Corporate_finance,capital_market,0.45865442711400806
2,213,DSDA03_DA,Edison,0.4591925564505269
2,37,Finance,capital_market,0.46047939829508255
2,44,Important_Methods_For_Statistical_Data_Analysis,Statistics,0.4605578333229876
2,136,DSDA02_IMFSDA,Edison,0.4605578333229876
2,291,NoSQL,Databases,0.46093703765965244
2,172,DSENG04_DB1,Edison,0.4613032548041657
2,278,DB1,Databases,0.4613032548041657
2,38,Stock_Trader,capital_market,0.4614633511896836
2,199,DSDK03_TROFITSPADMP,Edison,0.4621716017938228
2,68,Git,statistical_software,0.46497656409436405
2,231,Git,Software,0.46497656409436405
2,40,StatisticalTechniques,Statistics,0.46587151338570687
2,155,DSDA02_ST,Edison,0.46587151338570687
2,201,DSDA04_DB,Edison,0.4659751546236046
2,73,Octave,statistical_software,0.46601687688545923
2,235,Octave,Software,0.46601687688545923
2,170,DSDK02_HTDBDCS,Edison,0.4665267805236618
2,319,C++,Computer_Programming,0.4694224345783403
2,305,CAD,ProductDevelopment,0.4707447364991919
2,276,MySQL,Databases,0.47106074589658886
2,95,Corporate communication,Business,0.47123288252644924
2,258,Machine learning,Machine_Learning,0.4727334242216521
2,261,Machine_learning,Machine_Learning,0.4727334242216521
2,275,ODBMS,Databases,0.47343048605436755
2,216,DSDM03_DCAI,Edison,0.4743906574118941
2,311,C,Computer_Programming,0.4744557283409626
2,150,DSENG03_ATFDM,Edison,0.4751262233415582
2,262,Text mining,Machine_Learning,0.4754099673792146
2,265,Text_mining,Machine_Learning,0.4754099673792146
2,10,Engineer_degree,Education,0.4757126247459452
2,132,DSENG06_DB,Edison,0.47663360377359854
2,137,DSDM02_DBM,Edison,0.47820750272492596
2,56,Human_resource_consulting,Recuting,0.4785662832764229
2,317,Objective-C,Computer_Programming,0.47858003334060917
2,316,C_Sharp,Computer_Programming,0.47863401523436866
2,32,Financial_market,capital_market,0.4790923927161841
2,112,DSDM05_FDDTDC,Edison,0.47967141961971416
2,125,DSDA03_HPACIDM,Edison,0.48116941245428857
2,94,Business Model,Business,0.48139933233900223
2,8,Master_degree,Education,0.4816861403221937
2,66,SAS,statistical_software,0.4819678374736195
2,229,SAS,Software,0.4819678374736195
2,314,SAS,Computer_Programming,0.4819678374736195
2,281,Database2,Databases,0.4844470060947338
2,57,Distributed Computing,Distributed,0.4865502288946376
2,63,Distributed_Computing,Distributed,0.4865502288946376
2,59,Cloud_Computing,Distributed,0.487552254903619
2,65,Cloud Computing,Distributed,0.487552254903619
2,322,PHP,Computer_Programming,0.4878042993513292
2,333,R,Computer_Programming,0.48830174213129396
2,334,Computer_network,Computer_Programming,0.48907974446170543
2,13,Master_of_Engineering,Education,0.4906342605646754
2,309,RequirementsManagement,ProductDevelopment,0.4925081144013199
2,202,DSDM02_DM,Edison,0.49302480120059433
2,325,PL-SQL,Computer_Programming,0.4940366984859823
2,329,JavaScript,Computer_Programming,0.4949939214789296
2,17,Biomedicine,Biomedical,0.49570151827822884
2,221,DSDM04_DS,Edison,0.49677452127116517
2,156,DSDK05_ACD,Edison,0.4974765562189014
2,177,DSRM04_DSAAP,Edison,0.49796421438481864
2,228,DSENG03_DM4,Edison,0.49896874580117545
2,284,Data_mart,Databases,0.4992981376263834
2,315,Programmer,Computer_Programming,0.4997092165980327
2,70,SPSS,statistical_software,0.5004127804643095
2,232,SPSS,Software,0.5004127804643095
2,326,Julia,Computer_Programming,0.5006644850002298
2,71,Weka,statistical_software,0.5010854999286571
2,233,Weka,Software,0.5010854999286571
2,7,Master_of_Science,Education,0.5012539591546257
2,160,DSENG02_CS2,Edison,0.5021448249616806
2,306,MarketPenetration,ProductDevelopment,0.5035504107380736
2,78,Mathematica,statistical_software,0.5070338350204442
2,240,Mathematica,Software,0.5070338350204442
2,105,DSRM02_Systematic_study,Research,0.5070561696267614
2,149,DSRM02_SysS,Edison,0.5070561696267614
2,189,DSDM01_DM,Edison,0.5125137086847829
2,254,Supervised_Learning,Machine_Learning,0.5135114023950835
2,255,Supervised Learning,Machine_Learning,0.5135114023950835
2,28,CapitalMarket,capital_market,0.5148445209429082
2,192,DSDM06_IPRIDM,Edison,0.5159843740053873
2,126,DSENG04_DB3,Edison,0.5160699249754974
2,294,DB3,Databases,0.5160699249754974
2,12,Graduate_school,Education,0.5169353897869542
2,99,IsOperationsResearchReallyResearch,Research,0.5174192735340493
2,197,DSRM03_IORRR,Edison,0.5174192735340493
2,208,DSDA04_DB2,Edison,0.5176460129942757
2,107,RMO,Research,0.5181593261995592
2,174,DSRM05_RMO,Edison,0.5181593261995592
2,220,DSENG03_DM5,Edison,0.5200731803022633
2,25,Financial_services,capital_market,0.5214759734524641
2,113,DSDM05_DP,Edison,0.5219674747702003
2,120,DSENG04_DB6,Edison,0.5221118049326496
2,280,DB6,Databases,0.5221118049326496
2,148,DSDM03_DI2,Edison,0.524302583523112
2,74,MATLAB,statistical_software,0.5257206141310026
2,236,MATLAB,Software,0.5257206141310026
2,182,DSDM04_DA,Edison,0.5281999315606123
2,39,A_Guide_to_Statistical_Techniques,Statistics,0.5296629366248714
2,61,Grid_computing,Distributed,0.5325782956676774
2,62,Grid computing,Distributed,0.5325782956676774
2,15,Master_of_Laws,Education,0.5330812155612357
2,72,Oracle Data Mining,statistical_software,0.5352280737301377
2,80,Oracle_Data_Mining,statistical_software,0.5352280737301377
2,234,Oracle Data Mining,Software,0.5352280737301377
2,242,Oracle_Data_Mining,Software,0.5352280737301377
2,76,KNIME,statistical_software,0.5355320549518008
2,238,KNIME,Software,0.5355320549518008
2,288,Oracle_Database,Databases,0.5357803981063903
2,93,Service-oriented modeling,Business,0.5380721284950625
2,207,DSENG06_BDAA,Edison,0.5386003933564913
2,300,Time_toMarket,ProductDevelopment,0.5392609836826514
2,36,Stock_Exchange,capital_market,0.5411306481980775
2,303,VirtualProductDevelopment,ProductDevelopment,0.5435317502125223
2,0,First_professional_degree,Education,0.5440168094968862
2,64,Hadoop,Distributed,0.5440618319975941
2,101,RM5,Research,0.54421195850302
2,206,DSRM01_RM5,Edison,0.54421195850302
2,75,GATE,statistical_software,0.5455555213099142
2,237,GATE,Software,0.5455555213099142
2,138,DSDM01_WADMP,Edison,0.5456098067093835
2,226,DSDM04_DG,Edison,0.5458952032488762
2,179,DSDK04_ASI,Edison,0.5460352989377488
2,313,pbdR,Computer_Programming,0.5466151424832598
2,210,DSDM03_DI3,Edison,0.5468398419373408
2,98,RM2,Research,0.54699856331119
2,185,DSRM01_RM2,Edison,0.54699856331119
2,106,DSRM06_Contribute_research_objectives,Research,0.5479985219001293
2,186,DSRM05_CRO,Edison,0.5479985219001293
2,114,DSDM06_EORDM,Edison,0.5480937403245233
2,11,Educational_specialist,Education,0.5481023062182893
2,153,DSDA04_DB3,Edison,0.5486084854441853
2,200,DSDM05_DS,Edison,0.5513274089147231
2,54,Employment_agency,Recuting,0.5523656956531489
2,154,DSDM04_DL,Edison,0.5531171071560712
2,77,Waffles,statistical_software,0.5531203391452337
2,239,Waffles,Software,0.5531203391452337
2,218,DSENG03_DM3,Edison,0.554467356522239
2,260,Categorization,Machine_Learning,0.555533265679002
2,34,FinancialRegulation,capital_market,0.5591795193375476
2,5,Terminal_degree,Education,0.5607182196480522
2,268,Statistical method,Machine_Learning,0.5614192269100212
2,271,Statistical_method,Machine_Learning,0.5614192269100212
2,195,DSDK03_SFM,Edison,0.5644600302346154
2,16,BiomedicalEngineers2,Biomedical,0.5672141798462518
2,147,DSENG05_DS2,Edison,0.5676332645094675
2,285,Microsoft_SQL_Server,Databases,0.5707890471984183
2,252,Unsupervised_learning,Machine_Learning,0.5719615221646632
2,266,Unsupervised learning,Machine_Learning,0.5719615221646632
2,184,DSDM06_EIIDM,Edison,0.572111429561966
2,330,Software_engineer,Computer_Programming,0.5731972716013437
2,58,Hortonworks,Distributed,0.5734640898409178
2,298,db,Databases,0.5737543486190377
2,45,Correlation,Statistics,0.5740097462097742
2,140,DSDA02_CoR,Edison,0.5740097462097742
2,47,Summary_Table_for_Statistical_Techniques,Statistics,0.5751188807313558
2,332,Software_developer,Computer_Programming,0.5764476348794219
2,96,ScholarlyMethod,Research,0.5767027004398357
2,79,Software,statistical_software,0.5767042096534003
2,241,Software,Software,0.5767042096534003
2,304,Product_life-CycleManagement,ProductDevelopment,0.5774942165666533
2,85,Non-store_retailing,e-commerce,0.578207436014923
2,293,database,Databases,0.5782214404257116
2,215,DSENG05_DS1,Edison,0.5825883375235603
2,277,RDBMS,Databases,0.5833346942784359
2,157,DSENG03_DM1,Edison,0.587721774778209
2,151,DSRM04_EAP,Edison,0.5882209104002725
2,111,SS,Research,0.5885306038903797
2,116,DSRM02_SS,Edison,0.5885306038903797
2,19,_BiomedicalEngineers,Biomedical,0.5895573658972464
2,49,Executive_search,Recuting,0.5896825004012519
2,163,DSENG02_CS,Edison,0.5930384321703519
2,168,DSDM03_DI4,Edison,0.594753146280933
2,222,DSRM06_Ing,Edison,0.595673643631579
2,86,Digital_economy,e-commerce,0.5992258480562949
2,152,DSENG02_CS1,Edison,0.5994267629184277
2,243,Co-marketing,Advertising,0.6008630912886506
2,60,Cloudera,Distributed,0.6012993099267661
2,83,Types_of_e-commerce,e-commerce,0.6020677939940884
2,328,Software_architecture,Computer_Programming,0.6042811813416582
2,188,DSRM04_SPIA,Edison,0.6049606250483816
2,119,DSDK01_BPD,Edison,0.6057042599810034
2,190,DSENG04_DB5,Edison,0.6063298317586037
2,279,DB5,Databases,0.6063298317586037
2,290,SPARQL,Databases,0.60858916968003
2,323,System_programming,Computer_Programming,0.6090295747909358
2,43,List_of_statistical_packages,Statistics,0.6134467144688796
2,142,DSDA02_LOSP,Edison,0.6134467144688796
2,22,List_of_statistical_packages,Math_Stats_tools,0.6138656656649939
2,69,List_of_statistical_packages,statistical_software,0.6138656656649939
2,296,Elasticsearch,Databases,0.6140300967277376
2,331,Transact-SQL,Computer_Programming,0.6152562701901669
2,247,Interactive_advertising,Advertising,0.6176325555714456
2,121,DSDM06_ELACIPR,Edison,0.6186199575885016
2,33,Financial_market_efficiency,capital_market,0.6207341944335192
2,272,Apache_HBase,Databases,0.6210105111813602
2,51,Employment_websites,Recuting,0.6211861483850671
2,4,Chemistry_Quality_Eurolabels,Education,0.6226279858758684
2,30,Financial_instrument,capital_market,0.6226400560249493
2,286,IBM_DB2,Databases,0.6227455656397014
2,162,DSDM01_DMSP,Edison,0.6237173901380961
2,310,C--,Computer_Programming,0.6278065182619411
2,159,DSDM03_DI5,Edison,0.6288006015000263
2,14,Professional_Science_Master's_Degree,Education,0.6300979049355906
2,321,Objective-J,Computer_Programming,0.6325597980152358
2,251,Video_commerce,Advertising,0.6326873287061726
2,110,FrascatiDefinitionofResearch,Research,0.6453756266286392
2,161,DSRM03_FDOR,Edison,0.6453756266286392
2,82,Online_marketplace,e-commerce,0.6454698622725223
2,227,DSENG05_SSM,Edison,0.645530131806844
2,103,DSRM01_Scientific_method,Research,0.6469920886077748
2,193,DSRM01_SM,Edison,0.6469920886077748
2,225,DSENG03_DM2,Edison,0.6519087761731928
2,9,European_Joint_Master_degree_in_Economics,Education,0.6533197432462725
2,269,Classification,Machine_Learning,0.6546295632682555
2,223,DSDK04_AS,Edison,0.6556832364151268
2,117,DSENG06_AA,Edison,0.656925716369885
2,187,DSENG02_CS3,Edison,0.6573685987519046
2,307,Pro-innovation_bias,ProductDevelopment,0.6575979620015684
2,27,FinanceCapitalism,capital_market,0.6612137471524485
2,67,JMP,statistical_software,0.6639268628885903
2,230,JMP,Software,0.6639268628885903
2,84,E-commerce_credit_card_payment_system,e-commerce,0.6677072633689967
2,203,DSENG05_DS4,Edison,0.66774972376308
2,166,DSRM04_SP,Edison,0.6689588367717985
2,50,Personality-job_fit_theory,Recuting,0.6718878501891348
2,108,RM1,Research,0.6817988498958294
2,115,DSRM06_RM1,Edison,0.6817988498958294
2,135,DSRM01_RM1,Edison,0.6817988498958294
2,97,UndergraduateResearch,Research,0.6837743521567881
2,248,Meta-advertising,Advertising,0.6930031540766033
2,165,DSDM03_DI1,Edison,0.6931951838735342
2,191,DSDA06_SV,Edison,0.6940456719697008
2,145,DSENG06_LORS,Edison,0.6984095253035855
2,35,Investment_theory,capital_market,0.7059538326035191
2,209,DSDM02_DBMS-DM,Edison,0.7061256798946348
2,3,Master_of_Applied_Science,Education,0.7078046860186178
2,53,Employment_agencies,Recuting,0.7091055170490967
2,124,DSENG04_DB2,Edison,0.716402406074659
2,274,DB2,Databases,0.716402406074659
2,205,DSDM05_DFM,Edison,0.7218819186709591
2,289,Databases,Databases,0.7314596722277829
2,158,DSENG06_OR,Edison,0.7317588658835701
2,48,Executive_search_firms,Recuting,0.739793289297658
2,100,Secondary_research,Research,0.7504592694518687
2,109,Primary_Research,Research,0.7536952290053607
2,21,Lists_of_mathematics_topics,Math_Stats_tools,0.7639187889630616
2,302,productDevelopment,ProductDevelopment,0.7655471767554933
2,143,DSDA05_BDAP,Edison,0.7818839049090119
2,196,DSDA04_DI,Edison,0.7870166233055715
3,89,Business,Business,0.31530266067121615
3,264,Predictive Analytics,Machine_Learning,0.3488349389387184
3,270,Predictive_Analytics,Machine_Learning,0.3488349389387184
3,169,DSDK03_SM,Edison,0.3539907803724911
3,133,DSDA01_PA,Edison,0.3541770355947451
3,217,DSRM06_SM,Edison,0.356082665428732
3,102,RM3,Research,0.3616955147845551
3,219,DSRM01_RM3,Edison,0.3616955147845551
3,26,Financial_economics,capital_market,0.36871470058766076
3,46,DataAnalytics,Statistics,0.3802760859916132
3,123,DSDA02_DA,Edison,0.3802760859916132
3,81,E-commerce,e-commerce,0.38030462543627386
3,297,PostgreSQL,Databases,0.38112137191565076
3,91,Job interview,Business,0.38351822538441416
3,127,DSDA05_Platforms2,Edison,0.3837610987638512
3,318,Ruby,Computer_Programming,0.3872474590325553
3,325,PL-SQL,Computer_Programming,0.39231895932454
3,253,Statistics,Machine_Learning,0.3946780559540315
3,20,Statistics,Math_Stats_tools,0.394767145696429
3,41,Statistics,Statistics,0.394767145696429
3,131,DSDA02_Stat,Edison,0.394767145696429
3,68,Git,statistical_software,0.400543708972111
3,231,Git,Software,0.400543708972111
3,224,DSDA05_DV,Edison,0.4019304311852132
3,259,Information_Retrieval,Machine_Learning,0.40228933965973745
3,263,Information Retrieval,Machine_Learning,0.40228933965973745
3,6,Doctor_of_Philosophy,Education,0.4031876351642
3,176,DSDM02_DM101,Edison,0.40828186072257344
3,194,DSDA03_AFDM,Edison,0.4089076579659826
3,198,DSDK01_BP,Edison,0.4121599014383662
3,175,DSDA04_DB1,Edison,0.41252629530780516
3,18,BiomedicalEngineering,Biomedical,0.41359686755066194
3,104,RM4,Research,0.4137717421141125
3,128,DSRM01_RM4,Edison,0.4137717421141125
3,324,Scala,Computer_Programming,0.4162593736702743
3,312,Computer_Programming,Computer_Programming,0.4166879695608069
3,90,Business Intelligence,Business,0.41770427381232467
3,2,Bachelor_degree,Education,0.42062658470325565
3,315,Programmer,Computer_Programming,0.4208900927021605
3,73,Octave,statistical_software,0.42269917316130456
3,235,Octave,Software,0.42269917316130456
3,42,6_BASIC_STATISTICAL_TOOLS,Statistics,0.4237825766533486
3,139,DSDA02_BST,Edison,0.4237825766533486
3,204,DSENG01_EP,Edison,0.4257221261700609
3,71,Weka,statistical_software,0.4274365873667214
3,233,Weka,Software,0.4274365873667214
3,55,Onboarding,Recuting,0.4274955414073447
3,31,Corporate_finance,capital_market,0.42804181599106395
3,212,DSENG04_DB4,Edison,0.4281908577159528
3,283,DB4,Databases,0.4281908577159528
3,12,Graduate_school,Education,0.429030042428157
3,282,MonetDB,Databases,0.43083671433364745
3,87,Business communication,Business,0.433744202117923
3,134,DSDK04_HBDATCHYO,Edison,0.4341531159187456
3,317,Objective-C,Computer_Programming,0.43440596688897437
3,299,Data_warehouse,Databases,0.4347488119477674
3,199,DSDK03_TROFITSPADMP,Edison,0.43819669783892334
3,254,Supervised_Learning,Machine_Learning,0.43863906173891676
3,255,Supervised Learning,Machine_Learning,0.43863906173891676
3,320,Java,Computer_Programming,0.43936134992206
3,311,C,Computer_Programming,0.4394083915715876
3,319,C++,Computer_Programming,0.4401170363550325
3,327,Python,Computer_Programming,0.4420896555592765
3,93,Service-oriented modeling,Business,0.4422419046227034
3,301,New_product_development,ProductDevelopment,0.4442168189225789
3,181,DSRM06_DOI,Edison,0.44427101884673137
3,316,C_Sharp,Computer_Programming,0.44512573643321063
3,183,DSDA05_CDV,Edison,0.44513691460504323
3,24,Math_Stats_tools,Math_Stats_tools,0.44560391116532305
3,258,Machine learning,Machine_Learning,0.44588613805811717
3,261,Machine_learning,Machine_Learning,0.44588613805811717
3,92,Project management,Business,0.44656466401913464
3,244,MarketingMix,Advertising,0.44706666928395467
3,295,Database,Databases,0.4490649797122229
3,59,Cloud_Computing,Distributed,0.44943273063490496
3,65,Cloud Computing,Distributed,0.44943273063490496
3,154,DSDM04_DL,Edison,0.45027832825382763
3,178,DSDK03_TSOMISFESATP,Edison,0.4512983866483412
3,260,Categorization,Machine_Learning,0.45269099594311646
3,29,Mathematical_finance,capital_market,0.45389243528378687
3,167,DSDK02_S,Edison,0.45446773137480523
3,177,DSRM04_DSAAP,Edison,0.45526166755451436
3,88,Business Management,Business,0.45565639240764133
3,52,Human_resource_management,Recuting,0.4563983292684579
3,129,DSDM01_DMCP,Edison,0.45659610855174315
3,23,Mathematics,Math_Stats_tools,0.4594494784418164
3,333,R,Computer_Programming,0.45953684502446623
3,106,DSRM06_Contribute_research_objectives,Research,0.4601956877816763
3,186,DSRM05_CRO,Edison,0.4601956877816763
3,287,CouchDB,Databases,0.4602889508859357
3,218,DSENG03_DM3,Edison,0.46090305646331664
3,1,Master's_degree_in_Europe,Education,0.4609453230655278
3,98,RM2,Research,0.46155855291593284
3,185,DSRM01_RM2,Edison,0.46155855291593284
3,222,DSRM06_Ing,Edison,0.46238383909586467
3,257,Clustering,Machine_Learning,0.4628983902939837
3,56,Human_resource_consulting,Recuting,0.4639853144072468
3,329,JavaScript,Computer_Programming,0.46466302609337673
3,276,MySQL,Databases,0.46478839784687387
3,308,Product,ProductDevelopment,0.4655433206316596
3,250,Viral_marketing,Advertising,0.46637262887188746
3,94,Business Model,Business,0.4668302044870647
3,201,DSDA04_DB,Edison,0.4679049679152645
3,122,DSDK06_ADFM,Edison,0.46790862380667686
3,132,DSENG06_DB,Edison,0.4687964514574582
3,256,Data_mining,Machine_Learning,0.46913835777387125
3,267,Data mining,Machine_Learning,0.46913835777387125
3,216,DSDM03_DCAI,Edison,0.4698754721514238
3,273,MongoDB,Databases,0.47015565620883715
3,214,DSENG04_RNRD,Edison,0.47103731543501104
3,292,DSENG04_Relational_non-relational_databases,Databases,0.47103731543501104
3,125,DSDA03_HPACIDM,Edison,0.4715554765255039
3,118,DSDA05_Platforms3,Edison,0.4724207197115239
3,249,Television_advertisement,Advertising,0.472424527407861
3,326,Julia,Computer_Programming,0.4725213736542939
3,245,Advertising,Advertising,0.4730297210555586
3,107,RMO,Research,0.4734856257481157
3,174,DSRM05_RMO,Edison,0.4734856257481157
3,10,Engineer_degree,Education,0.4735337388537958
3,246,Mobile_marketing,Advertising,0.4740523224129768
3,275,ODBMS,Databases,0.47470489553050177
3,305,CAD,ProductDevelopment,0.47637751966843644
3,213,DSDA03_DA,Edison,0.4764603845781741
3,25,Financial_services,capital_market,0.47877012066782787
3,173,DSDA03_BDTA,Edison,0.4812910915647489
3,130,DSDM01_DMC,Edison,0.48195850282168085
3,180,DSDA05_Platforms1,Edison,0.4821949871618493
3,54,Employment_agency,Recuting,0.48240303613976887
3,64,Hadoop,Distributed,0.48278470042977883
3,75,GATE,statistical_software,0.4828480886333725
3,237,GATE,Software,0.4828480886333725
3,332,Software_developer,Computer_Programming,0.4851761243746431
3,146,DSDK02_BDNPD,Edison,0.4858665832255079
3,112,DSDM05_FDDTDC,Edison,0.4874322819812683
3,76,KNIME,statistical_software,0.48796122150333743
3,238,KNIME,Software,0.48796122150333743
3,32,Financial_market,capital_market,0.4902511953720975
3,202,DSDM02_DM,Edison,0.49037297110268896
3,28,CapitalMarket,capital_market,0.49108254845893606
3,211,DSDA06_DVT,Edison,0.4918592165680188
3,15,Master_of_Laws,Education,0.4925616276850544
3,252,Unsupervised_learning,Machine_Learning,0.49432367424718415
3,266,Unsupervised learning,Machine_Learning,0.49432367424718415
3,0,First_professional_degree,Education,0.4946300259284844
3,40,StatisticalTechniques,Statistics,0.4950917870512649
3,155,DSDA02_ST,Edison,0.4950917870512649
3,37,Finance,capital_market,0.4957479953267814
3,322,PHP,Computer_Programming,0.49750481728315643
3,39,A_Guide_to_Statistical_Techniques,Statistics,0.49766604361074673
3,192,DSDM06_IPRIDM,Edison,0.4976674939811674
3,99,IsOperationsResearchReallyResearch,Research,0.4981983639630555
3,197,DSRM03_IORRR,Edison,0.4981983639630555
3,7,Master_of_Science,Education,0.4992810743820546
3,228,DSENG03_DM4,Edison,0.5010140892984956
3,17,Biomedicine,Biomedical,0.5014851356745609
3,95,Corporate communication,Business,0.5025013773813514
3,170,DSDK02_HTDBDCS,Edison,0.5028376116762319
3,220,DSENG03_DM5,Edison,0.5029343501040533
3,221,DSDM04_DS,Edison,0.50471747375032
3,38,Stock_Trader,capital_market,0.5069040569010075
3,13,Master_of_Engineering,Education,0.507999865184285
3,8,Master_degree,Education,0.5092042739183704
3,27,FinanceCapitalism,capital_market,0.5104357104872452
3,141,DSRM06_TCAIPSIS,Edison,0.5104378037046888
3,4,Chemistry_Quality_Eurolabels,Education,0.5108774767609962
3,150,DSENG03_ATFDM,Edison,0.5116139214355981
3,157,DSENG03_DM1,Edison,0.511747014449884
3,61,Grid_computing,Distributed,0.5135031623051877
3,62,Grid computing,Distributed,0.5135031623051877
3,137,DSDM02_DBM,Edison,0.5138746643665182
3,57,Distributed Computing,Distributed,0.5155958086674244
3,63,Distributed_Computing,Distributed,0.5155958086674244
3,291,NoSQL,Databases,0.5160619157737165
3,208,DSDA04_DB2,Edison,0.5162287595015541
3,172,DSENG04_DB1,Edison,0.5164480132081252
3,278,DB1,Databases,0.5164480132081252
3,144,DSDK06_Marketing,Edison,0.5165243882188613
3,5,Terminal_degree,Education,0.5173976008026092
3,153,DSDA04_DB3,Edison,0.5178735453241903
3,164,DSDA04_DB4,Edison,0.5207429766822337
3,281,Database2,Databases,0.52085904775364
3,284,Data_mart,Databases,0.5209503211985909
3,78,Mathematica,statistical_software,0.5219233837928892
3,240,Mathematica,Software,0.5219233837928892
3,171,DSDM01_DMP,Edison,0.5234377401853941
3,179,DSDK04_ASI,Edison,0.5235726001074565
3,70,SPSS,statistical_software,0.5263328715655924
3,232,SPSS,Software,0.5263328715655924
3,195,DSDK03_SFM,Edison,0.527075722014571
3,262,Text mining,Machine_Learning,0.527304495253519
3,265,Text_mining,Machine_Learning,0.527304495253519
3,45,Correlation,Statistics,0.5285250964206367
3,140,DSDA02_CoR,Edison,0.5285250964206367
3,74,MATLAB,statistical_software,0.5289637550270287
3,236,MATLAB,Software,0.5289637550270287
3,277,RDBMS,Databases,0.5302997317025702
3,306,MarketPenetration,ProductDevelopment,0.5303069352573417
3,101,RM5,Research,0.531753634332409
3,206,DSRM01_RM5,Edison,0.531753634332409
3,330,Software_engineer,Computer_Programming,0.5322180515717074
3,120,DSENG04_DB6,Edison,0.5323096981205838
3,280,DB6,Databases,0.5323096981205838
3,138,DSDM01_WADMP,Edison,0.5341564984495137
3,156,DSDK05_ACD,Edison,0.5343834550017624
3,44,Important_Methods_For_Statistical_Data_Analysis,Statistics,0.5349483594088744
3,136,DSDA02_IMFSDA,Edison,0.5349483594088744
3,290,SPARQL,Databases,0.5357685902575833
3,113,DSDM05_DP,Edison,0.5370618803229108
3,105,DSRM02_Systematic_study,Research,0.5386175787715315
3,149,DSRM02_SysS,Edison,0.5386175787715315
3,58,Hortonworks,Distributed,0.539535217137106
3,334,Computer_network,Computer_Programming,0.5418142881606057
3,148,DSDM03_DI2,Edison,0.5430075614151078
3,309,RequirementsManagement,ProductDevelopment,0.5442914601112399
3,210,DSDM03_DI3,Edison,0.5451344673042338
3,36,Stock_Exchange,capital_market,0.5453053317280929
3,66,SAS,statistical_software,0.5460616242568166
3,229,SAS,Software,0.5460616242568166
3,314,SAS,Computer_Programming,0.5460616242568166
3,11,Educational_specialist,Education,0.5469171528905991
3,126,DSENG04_DB3,Edison,0.5483724741243037
3,294,DB3,Databases,0.5483724741243037
3,189,DSDM01_DM,Edison,0.5488216770050548
3,79,Software,statistical_software,0.5492770442127487
3,241,Software,Software,0.5492770442127487
3,182,DSDM04_DA,Edison,0.5504007017067131
3,286,IBM_DB2,Databases,0.5512413735600228
3,207,DSENG06_BDAA,Edison,0.5517136618571277
3,34,FinancialRegulation,capital_market,0.5548295033892132
3,60,Cloudera,Distributed,0.5557728206512975
3,96,ScholarlyMethod,Research,0.5561190035388373
3,51,Employment_websites,Recuting,0.5579695269891056
3,50,Personality-job_fit_theory,Recuting,0.5590030224980735
3,285,Microsoft_SQL_Server,Databases,0.5597483381176724
3,288,Oracle_Database,Databases,0.5604463138392393
3,303,VirtualProductDevelopment,ProductDevelopment,0.5650946627056348
3,151,DSRM04_EAP,Edison,0.5679223033289527
3,110,FrascatiDefinitionofResearch,Research,0.567973987027474
3,161,DSRM03_FDOR,Edison,0.567973987027474
3,103,DSRM01_Scientific_method,Research,0.568697202437834
3,193,DSRM01_SM,Edison,0.568697202437834
3,300,Time_toMarket,ProductDevelopment,0.5716225494100211
3,328,Software_architecture,Computer_Programming,0.5742038926049744
3,83,Types_of_e-commerce,e-commerce,0.5757709243405829
3,121,DSDM06_ELACIPR,Edison,0.5760619284862709
3,268,Statistical method,Machine_Learning,0.576246821177272
3,271,Statistical_method,Machine_Learning,0.576246821177272
3,72,Oracle Data Mining,statistical_software,0.5764260037305244
3,80,Oracle_Data_Mining,statistical_software,0.5764260037305244
3,234,Oracle Data Mining,Software,0.5764260037305244
3,242,Oracle_Data_Mining,Software,0.5764260037305244
3,298,db,Databases,0.5767651558474481
3,114,DSDM06_EORDM,Edison,0.5780596516330606
3,323,System_programming,Computer_Programming,0.5810126842876246
3,77,Waffles,statistical_software,0.581478461096243
3,239,Waffles,Software,0.581478461096243
3,331,Transact-SQL,Computer_Programming,0.5819904708021851
3,162,DSDM01_DMSP,Edison,0.583289055948722
3,296,Elasticsearch,Databases,0.5837345428043621
3,47,Summary_Table_for_Statistical_Techniques,Statistics,0.5853220548914051
3,86,Digital_economy,e-commerce,0.5858836667876892
3,33,Financial_market_efficiency,capital_market,0.5865396011793248
3,160,DSENG02_CS2,Edison,0.5875488209116907
3,313,pbdR,Computer_Programming,0.5900138546286654
3,321,Objective-J,Computer_Programming,0.590324992808475
3,226,DSDM04_DG,Edison,0.5939066944249012
3,124,DSENG04_DB2,Edison,0.5948203880328629
3,274,DB2,Databases,0.5948203880328629
3,85,Non-store_retailing,e-commerce,0.5975788258927561
3,200,DSDM05_DS,Edison,0.5983932078981536
3,310,C--,Computer_Programming,0.5986323891303007
3,16,BiomedicalEngineers2,Biomedical,0.5990462816491142
3,184,DSDM06_EIIDM,Edison,0.6000166549432089
3,147,DSENG05_DS2,Edison,0.6005943733053887
3,168,DSDM03_DI4,Edison,0.602616312114886
3,3,Master_of_Applied_Science,Education,0.6036139409168042
3,14,Professional_Science_Master's_Degree,Education,0.6080953407478409
3,163,DSENG02_CS,Edison,0.6084991097529019
3,190,DSENG04_DB5,Edison,0.6086310128324803
3,279,DB5,Databases,0.6086310128324803
3,49,Executive_search,Recuting,0.6116049633187309
3,304,Product_life-CycleManagement,ProductDevelopment,0.6138563594730527
3,272,Apache_HBase,Databases,0.6140366820152043
3,97,UndergraduateResearch,Research,0.6151402390429155
3,243,Co-marketing,Advertising,0.6174229726056156
3,108,RM1,Research,0.6194373001064429
3,115,DSRM06_RM1,Edison,0.6194373001064429
3,135,DSRM01_RM1,Edison,0.6194373001064429
3,225,DSENG03_DM2,Edison,0.6197062870091314
3,269,Classification,Machine_Learning,0.6199781964483533
3,30,Financial_instrument,capital_market,0.6206575402366881
3,82,Online_marketplace,e-commerce,0.6207670630227309
3,215,DSENG05_DS1,Edison,0.6217867333998228
3,111,SS,Research,0.6233840264958727
3,116,DSRM02_SS,Edison,0.6233840264958727
3,19,_BiomedicalEngineers,Biomedical,0.6282489107550324
3,117,DSENG06_AA,Edison,0.6306683670296173
3,119,DSDK01_BPD,Edison,0.6338276277341184
3,84,E-commerce_credit_card_payment_system,e-commerce,0.6341223127334508
3,188,DSRM04_SPIA,Edison,0.6444057358515316
3,251,Video_commerce,Advertising,0.6482632380925617
3,307,Pro-innovation_bias,ProductDevelopment,0.6504806957446034
3,209,DSDM02_DBMS-DM,Edison,0.6519848466280027
3,9,European_Joint_Master_degree_in_Economics,Education,0.6555966964521354
3,67,JMP,statistical_software,0.6594538817051447
3,230,JMP,Software,0.6594538817051447
3,223,DSDK04_AS,Edison,0.6647576737214886
3,166,DSRM04_SP,Edison,0.6703310650509431
3,247,Interactive_advertising,Advertising,0.6717279676532223
3,48,Executive_search_firms,Recuting,0.6744470667762255
3,293,database,Databases,0.6763249409848442
3,53,Employment_agencies,Recuting,0.677757101575545
3,109,Primary_Research,Research,0.6806694508557349
3,22,List_of_statistical_packages,Math_Stats_tools,0.6817313559401593
3,69,List_of_statistical_packages,statistical_software,0.6817313559401593
3,43,List_of_statistical_packages,Statistics,0.6819308022845312
3,142,DSDA02_LOSP,Edison,0.6819308022845312
3,227,DSENG05_SSM,Edison,0.6839326731583888
3,152,DSENG02_CS1,Edison,0.6849179367922922
3,191,DSDA06_SV,Edison,0.6851628984765532
3,159,DSDM03_DI5,Edison,0.6969441735199053
3,205,DSDM05_DFM,Edison,0.6975385689752907
3,187,DSENG02_CS3,Edison,0.697549505403982
3,100,Secondary_research,Research,0.702436449713024
3,289,Databases,Databases,0.717817560554897
3,165,DSDM03_DI1,Edison,0.718155323171576
3,145,DSENG06_LORS,Edison,0.728119557679473
3,248,Meta-advertising,Advertising,0.7309096139679482
3,35,Investment_theory,capital_market,0.7330986024180647
3,143,DSDA05_BDAP,Edison,0.7388899181845072
3,158,DSENG06_OR,Edison,0.76741128804219
3,203,DSENG05_DS4,Edison,0.7767544013010611
3,21,Lists_of_mathematics_topics,Math_Stats_tools,0.7949857191140577
3,196,DSDA04_DI,Edison,0.8040461322200934
3,302,productDevelopment,ProductDevelopment,0.8215728502158106
4,329,JavaScript,Computer_Programming,0.3405357682811708
4,89,Business,Business,0.38651186715133623
4,92,Project management,Business,0.40584749229528294
4,169,DSDK03_SM,Edison,0.41468902924775897
4,287,CouchDB,Databases,0.42062251147193597
4,2,Bachelor_degree,Education,0.4311041272293582
4,246,Mobile_marketing,Advertising,0.4392751763146523
4,127,DSDA05_Platforms2,Edison,0.4397350558651647
4,120,DSENG04_DB6,Edison,0.44099128579292024
4,280,DB6,Databases,0.44099128579292024
4,10,Engineer_degree,Education,0.4475201736032981
4,87,Business communication,Business,0.44903022169043183
4,102,RM3,Research,0.44903612486079725
4,219,DSRM01_RM3,Edison,0.44903612486079725
4,217,DSRM06_SM,Edison,0.45339932416328355
4,26,Financial_economics,capital_market,0.45625509521189755
4,204,DSENG01_EP,Edison,0.45783832805595326
4,297,PostgreSQL,Databases,0.45950033800075096
4,81,E-commerce,e-commerce,0.46126279983483176
4,299,Data_warehouse,Databases,0.46271034138813916
4,198,DSDK01_BP,Edison,0.465506833831304
4,176,DSDM02_DM101,Edison,0.46569019767380526
4,216,DSDM03_DCAI,Edison,0.4680640098476664
4,171,DSDM01_DMP,Edison,0.47107949626703316
4,40,StatisticalTechniques,Statistics,0.47128140463637636
4,155,DSDA02_ST,Edison,0.47128140463637636
4,6,Doctor_of_Philosophy,Education,0.47185044560260014
4,31,Corporate_finance,capital_market,0.47209380783988175
4,308,Product,ProductDevelopment,0.47325668035214363
4,18,BiomedicalEngineering,Biomedical,0.47469872429615523
4,245,Advertising,Advertising,0.47798236470853495
4,46,DataAnalytics,Statistics,0.47995799102051706
4,123,DSDA02_DA,Edison,0.47995799102051706
4,90,Business Intelligence,Business,0.4826839850544994
4,249,Television_advertisement,Advertising,0.48351052935781835
4,201,DSDA04_DB,Edison,0.4841140495357794
4,282,MonetDB,Databases,0.4855438391237952
4,130,DSDM01_DMC,Edison,0.4861152343031515
4,133,DSDA01_PA,Edison,0.4867199577055754
4,132,DSENG06_DB,Edison,0.4875177872675084
4,129,DSDM01_DMCP,Edison,0.48751912020213317
4,316,C_Sharp,Computer_Programming,0.4880868665552772
4,164,DSDA04_DB4,Edison,0.48826294675422255
4,264,Predictive Analytics,Machine_Learning,0.4884301626144605
4,270,Predictive_Analytics,Machine_Learning,0.4884301626144605
4,244,MarketingMix,Advertising,0.48872907858485815
4,324,Scala,Computer_Programming,0.4889766992377701
4,13,Master_of_Engineering,Education,0.4893839397767271
4,327,Python,Computer_Programming,0.49277580998285664
4,24,Math_Stats_tools,Math_Stats_tools,0.49352507319599637
4,318,Ruby,Computer_Programming,0.4937821093886047
4,55,Onboarding,Recuting,0.4940058278362258
4,214,DSENG04_RNRD,Edison,0.49407893559704075
4,292,DSENG04_Relational_non-relational_databases,Databases,0.49407893559704075
4,15,Master_of_Laws,Education,0.49421944677354557
4,312,Computer_Programming,Computer_Programming,0.49433165526415834
4,175,DSDA04_DB1,Edison,0.4973167792842951
4,301,New_product_development,ProductDevelopment,0.5014569964270486
4,212,DSENG04_DB4,Edison,0.5018262643252651
4,283,DB4,Databases,0.5018262643252651
4,194,DSDA03_AFDM,Edison,0.503793488883901
4,259,Information_Retrieval,Machine_Learning,0.5041134161412186
4,263,Information Retrieval,Machine_Learning,0.5041134161412186
4,1,Master's_degree_in_Europe,Education,0.5054070278944942
4,42,6_BASIC_STATISTICAL_TOOLS,Statistics,0.5072635740525042
4,139,DSDA02_BST,Edison,0.5072635740525042
4,180,DSDA05_Platforms1,Edison,0.5078136560282516
4,305,CAD,ProductDevelopment,0.5089271710082381
4,325,PL-SQL,Computer_Programming,0.5089715953065606
4,224,DSDA05_DV,Edison,0.5110869165293672
4,68,Git,statistical_software,0.5133891004389307
4,231,Git,Software,0.5133891004389307
4,38,Stock_Trader,capital_market,0.5136491087712188
4,317,Objective-C,Computer_Programming,0.5137252357911068
4,167,DSDK02_S,Edison,0.5141960022055718
4,91,Job interview,Business,0.5145416800813354
4,295,Database,Databases,0.5152293930784055
4,8,Master_degree,Education,0.5157020990587431
4,126,DSENG04_DB3,Edison,0.5157718284031803
4,294,DB3,Databases,0.5157718284031803
4,181,DSRM06_DOI,Edison,0.5164638373181893
4,334,Computer_network,Computer_Programming,0.5176607635938639
4,23,Mathematics,Math_Stats_tools,0.5176846297195143
4,178,DSDK03_TSOMISFESATP,Edison,0.5194996875659788
4,202,DSDM02_DM,Edison,0.519723315556015
4,333,R,Computer_Programming,0.5210468449666708
4,25,Financial_services,capital_market,0.521259214944463
4,322,PHP,Computer_Programming,0.5217360914862902
4,311,C,Computer_Programming,0.5222934596227218
4,95,Corporate communication,Business,0.5225039205578783
4,20,Statistics,Math_Stats_tools,0.5232644987376665
4,41,Statistics,Statistics,0.5232644987376665
4,131,DSDA02_Stat,Edison,0.5232644987376665
4,326,Julia,Computer_Programming,0.5233646932033967
4,71,Weka,statistical_software,0.5235090548786799
4,233,Weka,Software,0.5235090548786799
4,64,Hadoop,Distributed,0.5236762264560284
4,94,Business Model,Business,0.5237293909548106
4,189,DSDM01_DM,Edison,0.5240587671701413
4,104,RM4,Research,0.5245123993008041
4,128,DSRM01_RM4,Edison,0.5245123993008041
4,253,Statistics,Machine_Learning,0.5259503229090348
4,7,Master_of_Science,Education,0.5263417878455807
4,134,DSDK04_HBDATCHYO,Edison,0.5264238627607738
4,320,Java,Computer_Programming,0.5268529529755328
4,137,DSDM02_DBM,Edison,0.5270764801558817
4,148,DSDM03_DI2,Edison,0.5298345501401063
4,319,C++,Computer_Programming,0.5301026844478576
4,88,Business Management,Business,0.5307128361367528
4,199,DSDK03_TROFITSPADMP,Edison,0.5325381673277094
4,321,Objective-J,Computer_Programming,0.5370499606985172
4,125,DSDA03_HPACIDM,Edison,0.5378104829196155
4,315,Programmer,Computer_Programming,0.5385676037961425
4,0,First_professional_degree,Education,0.5388554001623194
4,177,DSRM04_DSAAP,Edison,0.5396560734120722
4,66,SAS,statistical_software,0.5398341297143272
4,229,SAS,Software,0.5398341297143272
4,314,SAS,Computer_Programming,0.5398341297143272
4,73,Octave,statistical_software,0.5400719510168336
4,235,Octave,Software,0.5400719510168336
4,28,CapitalMarket,capital_market,0.540616984177779
4,52,Human_resource_management,Recuting,0.5415569151737769
4,114,DSDM06_EORDM,Edison,0.5418421015828231
4,210,DSDM03_DI3,Edison,0.5428025196756205
4,12,Graduate_school,Education,0.5429820087844199
4,200,DSDM05_DS,Edison,0.5444562001353819
4,208,DSDA04_DB2,Edison,0.5444960891887745
4,112,DSDM05_FDDTDC,Edison,0.5448544844287648
4,76,KNIME,statistical_software,0.5451896352066121
4,238,KNIME,Software,0.5451896352066121
4,256,Data_mining,Machine_Learning,0.5453898156582022
4,267,Data mining,Machine_Learning,0.5453898156582022
4,183,DSDA05_CDV,Edison,0.5455423562514178
4,273,MongoDB,Databases,0.5459010236389906
4,75,GATE,statistical_software,0.5460936386879065
4,237,GATE,Software,0.5460936386879065
4,173,DSDA03_BDTA,Edison,0.5462516426850876
4,39,A_Guide_to_Statistical_Techniques,Statistics,0.5464931562116575
4,57,Distributed Computing,Distributed,0.5477706746100399
4,63,Distributed_Computing,Distributed,0.5477706746100399
4,258,Machine learning,Machine_Learning,0.5484875378864369
4,261,Machine_learning,Machine_Learning,0.5484875378864369
4,281,Database2,Databases,0.5486021822638842
4,272,Apache_HBase,Databases,0.5488492146396077
4,172,DSENG04_DB1,Edison,0.5501697510047592
4,278,DB1,Databases,0.5501697510047592
4,276,MySQL,Databases,0.5502540566550848
4,291,NoSQL,Databases,0.5508639365808318
4,160,DSENG02_CS2,Edison,0.5512014688961239
4,29,Mathematical_finance,capital_market,0.5518097757003906
4,32,Financial_market,capital_market,0.5525096133797094
4,221,DSDM04_DS,Edison,0.552748812623141
4,70,SPSS,statistical_software,0.5538173480057483
4,232,SPSS,Software,0.5538173480057483
4,250,Viral_marketing,Advertising,0.5550529845145257
4,277,RDBMS,Databases,0.5555648636130677
4,275,ODBMS,Databases,0.5586809780140929
4,151,DSRM04_EAP,Edison,0.5593151817230627
4,288,Oracle_Database,Databases,0.5601935421697031
4,78,Mathematica,statistical_software,0.5602858112860947
4,240,Mathematica,Software,0.5602858112860947
4,113,DSDM05_DP,Edison,0.5613761823108357
4,144,DSDK06_Marketing,Edison,0.5614069711729811
4,211,DSDA06_DVT,Edison,0.5635345423124846
4,93,Service-oriented modeling,Business,0.5635568021582728
4,218,DSENG03_DM3,Edison,0.564193943680842
4,37,Finance,capital_market,0.5643581620402625
4,122,DSDK06_ADFM,Edison,0.5643987254198632
4,313,pbdR,Computer_Programming,0.5652113774242477
4,98,RM2,Research,0.5653034421776891
4,185,DSRM01_RM2,Edison,0.5653034421776891
4,118,DSDA05_Platforms3,Edison,0.566264035810472
4,309,RequirementsManagement,ProductDevelopment,0.5666984793041963
4,332,Software_developer,Computer_Programming,0.5668717843864066
4,74,MATLAB,statistical_software,0.5668828607256033
4,236,MATLAB,Software,0.5668828607256033
4,36,Stock_Exchange,capital_market,0.5680725428211488
4,56,Human_resource_consulting,Recuting,0.5690803073192561
4,16,BiomedicalEngineers2,Biomedical,0.5713181113972683
4,106,DSRM06_Contribute_research_objectives,Research,0.5713526008035568
4,186,DSRM05_CRO,Edison,0.5713526008035568
4,82,Online_marketplace,e-commerce,0.5716709190117175
4,284,Data_mart,Databases,0.5720919881870676
4,146,DSDK02_BDNPD,Edison,0.572816510752605
4,138,DSDM01_WADMP,Edison,0.5728810213229645
4,228,DSENG03_DM4,Edison,0.5734664178929505
4,257,Clustering,Machine_Learning,0.5742127875433694
4,285,Microsoft_SQL_Server,Databases,0.5753978534255533
4,79,Software,statistical_software,0.5759836419621106
4,241,Software,Software,0.5759836419621106
4,195,DSDK03_SFM,Edison,0.5788338102320296
4,182,DSDM04_DA,Edison,0.5798715291860324
4,153,DSDA04_DB3,Edison,0.5844144406453404
4,150,DSENG03_ATFDM,Edison,0.5850911247994449
4,77,Waffles,statistical_software,0.5865861945473638
4,239,Waffles,Software,0.5865861945473638
4,268,Statistical method,Machine_Learning,0.5877091225575255
4,271,Statistical_method,Machine_Learning,0.5877091225575255
4,59,Cloud_Computing,Distributed,0.5881559688029527
4,65,Cloud Computing,Distributed,0.5881559688029527
4,170,DSDK02_HTDBDCS,Edison,0.5896569997442568
4,107,RMO,Research,0.5913903489477582
4,174,DSRM05_RMO,Edison,0.5913903489477582
4,303,VirtualProductDevelopment,ProductDevelopment,0.5924032460778506
4,54,Employment_agency,Recuting,0.5936694935534375
4,254,Supervised_Learning,Machine_Learning,0.593751036914896
4,255,Supervised Learning,Machine_Learning,0.593751036914896
4,34,FinancialRegulation,capital_market,0.5937755416466999
4,141,DSRM06_TCAIPSIS,Edison,0.595830072540736
4,121,DSDM06_ELACIPR,Edison,0.5960869657618377
4,190,DSENG04_DB5,Edison,0.5972611016776534
4,279,DB5,Databases,0.5972611016776534
4,61,Grid_computing,Distributed,0.5973534365019406
4,62,Grid computing,Distributed,0.5973534365019406
4,262,Text mining,Machine_Learning,0.598260122013456
4,265,Text_mining,Machine_Learning,0.598260122013456
4,51,Employment_websites,Recuting,0.6004874639944288
4,11,Educational_specialist,Education,0.6014341516290953
4,252,Unsupervised_learning,Machine_Learning,0.6015995905702853
4,266,Unsupervised learning,Machine_Learning,0.6015995905702853
4,99,IsOperationsResearchReallyResearch,Research,0.6018970941626949
4,197,DSRM03_IORRR,Edison,0.6018970941626949
4,5,Terminal_degree,Education,0.6022993320742513
4,154,DSDM04_DL,Edison,0.6038851340463773
4,213,DSDA03_DA,Edison,0.604091980115901
4,84,E-commerce_credit_card_payment_system,e-commerce,0.6055031459242095
4,306,MarketPenetration,ProductDevelopment,0.6057612187860946
4,19,_BiomedicalEngineers,Biomedical,0.6062656828953015
4,330,Software_engineer,Computer_Programming,0.6066559244819967
4,33,Financial_market_efficiency,capital_market,0.607198674427275
4,215,DSENG05_DS1,Edison,0.6081307322398096
4,300,Time_toMarket,ProductDevelopment,0.6086508769347458
4,331,Transact-SQL,Computer_Programming,0.6089293980627233
4,47,Summary_Table_for_Statistical_Techniques,Statistics,0.609303854343656
4,220,DSENG03_DM5,Edison,0.6098501284352692
4,152,DSENG02_CS1,Edison,0.6102775252942094
4,45,Correlation,Statistics,0.610466629840009
4,140,DSDA02_CoR,Edison,0.610466629840009
4,85,Non-store_retailing,e-commerce,0.6109840957922392
4,260,Categorization,Machine_Learning,0.6114864468411405
4,58,Hortonworks,Distributed,0.6117555737536876
4,30,Financial_instrument,capital_market,0.6118216883027322
4,105,DSRM02_Systematic_study,Research,0.612958261614507
4,149,DSRM02_SysS,Edison,0.612958261614507
4,222,DSRM06_Ing,Edison,0.6130687868483002
4,168,DSDM03_DI4,Edison,0.6147738756021848
4,97,UndergraduateResearch,Research,0.6150907764078859
4,192,DSDM06_IPRIDM,Edison,0.6156808427211525
4,310,C--,Computer_Programming,0.6187006178609155
4,226,DSDM04_DG,Edison,0.6204063028532267
4,207,DSENG06_BDAA,Edison,0.6212079718218008
4,72,Oracle Data Mining,statistical_software,0.6246177302287996
4,80,Oracle_Data_Mining,statistical_software,0.6246177302287996
4,234,Oracle Data Mining,Software,0.6246177302287996
4,242,Oracle_Data_Mining,Software,0.6246177302287996
4,187,DSENG02_CS3,Edison,0.6256044541882586
4,286,IBM_DB2,Databases,0.6266131002826235
4,9,European_Joint_Master_degree_in_Economics,Education,0.6266153641503127
4,14,Professional_Science_Master's_Degree,Education,0.6276994671896843
4,290,SPARQL,Databases,0.6291013527424288
4,163,DSENG02_CS,Edison,0.6302293196396942
4,44,Important_Methods_For_Statistical_Data_Analysis,Statistics,0.6307900958293746
4,136,DSDA02_IMFSDA,Edison,0.6307900958293746
4,86,Digital_economy,e-commerce,0.6309706349257298
4,101,RM5,Research,0.633586205138502
4,206,DSRM01_RM5,Edison,0.633586205138502
4,157,DSENG03_DM1,Edison,0.6344827035065389
4,147,DSENG05_DS2,Edison,0.6351415855240817
4,3,Master_of_Applied_Science,Education,0.6367736294379311
4,17,Biomedicine,Biomedical,0.6386890037911979
4,117,DSENG06_AA,Edison,0.6395420223015094
4,328,Software_architecture,Computer_Programming,0.6408181874236584
4,156,DSDK05_ACD,Edison,0.6416666861039129
4,4,Chemistry_Quality_Eurolabels,Education,0.6446491471878273
4,296,Elasticsearch,Databases,0.6475862445947553
4,96,ScholarlyMethod,Research,0.6498180492549552
4,323,System_programming,Computer_Programming,0.6506886665977942
4,304,Product_life-CycleManagement,ProductDevelopment,0.6517912762341866
4,184,DSDM06_EIIDM,Edison,0.6521593010933269
4,179,DSDK04_ASI,Edison,0.6570096833238483
4,191,DSDA06_SV,Edison,0.6572590533714658
4,43,List_of_statistical_packages,Statistics,0.6590176804240062
4,142,DSDA02_LOSP,Edison,0.6590176804240062
4,22,List_of_statistical_packages,Math_Stats_tools,0.6596427877036293
4,69,List_of_statistical_packages,statistical_software,0.6596427877036293
4,27,FinanceCapitalism,capital_market,0.6596833696416742
4,111,SS,Research,0.6601909268785734
4,116,DSRM02_SS,Edison,0.6601909268785734
4,124,DSENG04_DB2,Edison,0.6638193644825829
4,274,DB2,Databases,0.6638193644825829
4,83,Types_of_e-commerce,e-commerce,0.6639390712907148
4,298,db,Databases,0.6645751326531646
4,67,JMP,statistical_software,0.6660361639873885
4,230,JMP,Software,0.6660361639873885
4,251,Video_commerce,Advertising,0.6681880477880429
4,166,DSRM04_SP,Edison,0.6683804327370492
4,49,Executive_search,Recuting,0.6783183281588427
4,162,DSDM01_DMSP,Edison,0.6826311029104167
4,53,Employment_agencies,Recuting,0.6826815853878468
4,103,DSRM01_Scientific_method,Research,0.6829737382106367
4,193,DSRM01_SM,Edison,0.6829737382106367
4,289,Databases,Databases,0.6833273600639314
4,60,Cloudera,Distributed,0.684714289670785
4,188,DSRM04_SPIA,Edison,0.6903965135745966
4,109,Primary_Research,Research,0.6909262764130015
4,165,DSDM03_DI1,Edison,0.6925379644111931
4,205,DSDM05_DFM,Edison,0.6972750884989489
4,209,DSDM02_DBMS-DM,Edison,0.7023105063091577
4,247,Interactive_advertising,Advertising,0.7042993098442968
4,50,Personality-job_fit_theory,Recuting,0.7118398684931386
4,159,DSDM03_DI5,Edison,0.7121112095851625
4,269,Classification,Machine_Learning,0.7121289356301395
4,243,Co-marketing,Advertising,0.7143981069925478
4,110,FrascatiDefinitionofResearch,Research,0.714601972603902
4,161,DSRM03_FDOR,Edison,0.714601972603902
4,108,RM1,Research,0.7192985279110007
4,115,DSRM06_RM1,Edison,0.7192985279110007
4,135,DSRM01_RM1,Edison,0.7192985279110007
4,119,DSDK01_BPD,Edison,0.7198212606487421
4,203,DSENG05_DS4,Edison,0.7234794067491096
4,227,DSENG05_SSM,Edison,0.7244123472718585
4,21,Lists_of_mathematics_topics,Math_Stats_tools,0.7268393730453178
4,293,database,Databases,0.7335842647045373
4,248,Meta-advertising,Advertising,0.7553824630986337
4,145,DSENG06_LORS,Edison,0.7560642843477802
4,48,Executive_search_firms,Recuting,0.7584529623725753
4,307,Pro-innovation_bias,ProductDevelopment,0.7647844006575275
4,223,DSDK04_AS,Edison,0.766618372704122
4,196,DSDA04_DI,Edison,0.7690711915263078
4,225,DSENG03_DM2,Edison,0.7696442168936107
4,100,Secondary_research,Research,0.7768592622840548
4,143,DSDA05_BDAP,Edison,0.7973041128249428
4,158,DSENG06_OR,Edison,0.8172731429816806
4,35,Investment_theory,capital_market,0.8212201111306038
4,302,productDevelopment,ProductDevelopment,0.8360888301458198
5,89,Business,Business,0.3272764404938473
5,169,DSDK03_SM,Edison,0.3331769902144365
5,127,DSDA05_Platforms2,Edison,0.34064115627145986
5,297,PostgreSQL,Databases,0.3573099132836607
5,133,DSDA01_PA,Edison,0.36236269888737216
5,264,Predictive Analytics,Machine_Learning,0.36360730773399674
5,270,Predictive_Analytics,Machine_Learning,0.36360730773399674
5,90,Business Intelligence,Business,0.36599594338619146
5,24,Math_Stats_tools,Math_Stats_tools,0.37528645847872955
5,20,Statistics,Math_Stats_tools,0.38030606231460495
5,41,Statistics,Statistics,0.38030606231460495
5,131,DSDA02_Stat,Edison,0.38030606231460495
5,224,DSDA05_DV,Edison,0.38060496516813946
5,253,Statistics,Machine_Learning,0.38194905597650364
5,259,Information_Retrieval,Machine_Learning,0.3832762826201733
5,263,Information Retrieval,Machine_Learning,0.3832762826201733
5,245,Advertising,Advertising,0.384954871217416
5,217,DSRM06_SM,Edison,0.3855077501502071
5,175,DSDA04_DB1,Edison,0.3880635558784884
5,212,DSENG04_DB4,Edison,0.3905025216390433
5,283,DB4,Databases,0.3905025216390433
5,46,DataAnalytics,Statistics,0.3909215458379478
5,123,DSDA02_DA,Edison,0.3909215458379478
5,81,E-commerce,e-commerce,0.39182565633338595
5,204,DSENG01_EP,Edison,0.3937697116325486
5,317,Objective-C,Computer_Programming,0.3948915868184113
5,18,BiomedicalEngineering,Biomedical,0.395932754792257
5,34,FinancialRegulation,capital_market,0.397077635588198
5,130,DSDM01_DMC,Edison,0.39771675732535017
5,102,RM3,Research,0.3992596555338709
5,219,DSRM01_RM3,Edison,0.3992596555338709
5,282,MonetDB,Databases,0.4000507607161049
5,180,DSDA05_Platforms1,Edison,0.4000968216566284
5,324,Scala,Computer_Programming,0.40113795691063214
5,295,Database,Databases,0.4014212731590371
5,250,Viral_marketing,Advertising,0.40468202192965264
5,194,DSDA03_AFDM,Edison,0.4049757705630702
5,87,Business communication,Business,0.40712163670035584
5,318,Ruby,Computer_Programming,0.407475375834493
5,249,Television_advertisement,Advertising,0.40790225353293597
5,275,ODBMS,Databases,0.40825651605939794
5,198,DSDK01_BP,Edison,0.4088571399840183
5,26,Financial_economics,capital_market,0.4098308212373929
5,334,Computer_network,Computer_Programming,0.4108180531949569
5,246,Mobile_marketing,Advertising,0.41126496619246844
5,134,DSDK04_HBDATCHYO,Edison,0.41137145699569555
5,104,RM4,Research,0.41144342883547724
5,128,DSRM01_RM4,Edison,0.41144342883547724
5,329,JavaScript,Computer_Programming,0.41325253429778497
5,256,Data_mining,Machine_Learning,0.4133700332627098
5,267,Data mining,Machine_Learning,0.4133700332627098
5,6,Doctor_of_Philosophy,Education,0.41369794943903915
5,173,DSDA03_BDTA,Edison,0.4149697507900467
5,262,Text mining,Machine_Learning,0.4153395905565985
5,265,Text_mining,Machine_Learning,0.4153395905565985
5,31,Corporate_finance,capital_market,0.41660392846675565
5,181,DSRM06_DOI,Edison,0.4168580673990322
5,2,Bachelor_degree,Education,0.42165667137405416
5,299,Data_warehouse,Databases,0.42273119945160353
5,312,Computer_Programming,Computer_Programming,0.4234516524483458
5,167,DSDK02_S,Edison,0.4248753313836825
5,287,CouchDB,Databases,0.4261984507946448
5,319,C++,Computer_Programming,0.42656580038469727
5,42,6_BASIC_STATISTICAL_TOOLS,Statistics,0.4286071636488673
5,139,DSDA02_BST,Edison,0.4286071636488673
5,73,Octave,statistical_software,0.4297274271447189
5,235,Octave,Software,0.4297274271447189
5,244,MarketingMix,Advertising,0.4313506420343708
5,183,DSDA05_CDV,Edison,0.4316527727278221
5,176,DSDM02_DM101,Edison,0.43169950509156696
5,333,R,Computer_Programming,0.4319952722053947
5,88,Business Management,Business,0.4329390855227332
5,28,CapitalMarket,capital_market,0.43382611008009175
5,118,DSDA05_Platforms3,Edison,0.4339838232680693
5,208,DSDA04_DB2,Edison,0.43525702364667995
5,316,C_Sharp,Computer_Programming,0.43686758949606097
5,320,Java,Computer_Programming,0.4376394856838902
5,214,DSENG04_RNRD,Edison,0.43782334119933153
5,292,DSENG04_Relational_non-relational_databases,Databases,0.43782334119933153
5,1,Master's_degree_in_Europe,Education,0.43785228178187996
5,327,Python,Computer_Programming,0.4380517317621786
5,94,Business Model,Business,0.4380842140911536
5,301,New_product_development,ProductDevelopment,0.4388208387264856
5,315,Programmer,Computer_Programming,0.4402037790289145
5,91,Job interview,Business,0.44033135149839897
5,311,C,Computer_Programming,0.44065666448652907
5,112,DSDM05_FDDTDC,Edison,0.4433415489783371
5,55,Onboarding,Recuting,0.4447444733169018
5,170,DSDK02_HTDBDCS,Edison,0.44779608798644244
5,276,MySQL,Databases,0.4487525142615758
5,38,Stock_Trader,capital_market,0.4495961164289929
5,154,DSDM04_DL,Edison,0.45045914486568095
5,189,DSDM01_DM,Edison,0.45071699272693333
5,10,Engineer_degree,Education,0.45118517021810023
5,172,DSENG04_DB1,Edison,0.45427425987343595
5,278,DB1,Databases,0.45427425987343595
5,213,DSDA03_DA,Edison,0.4546628993037978
5,129,DSDM01_DMCP,Edison,0.45516843305662913
5,291,NoSQL,Databases,0.45521805477974053
5,137,DSDM02_DBM,Edison,0.45550137238048505
5,125,DSDA03_HPACIDM,Edison,0.45642025326031055
5,68,Git,statistical_software,0.45696500268599216
5,231,Git,Software,0.45696500268599216
5,25,Financial_services,capital_market,0.4573766897261341
5,322,PHP,Computer_Programming,0.4582147868036791
5,29,Mathematical_finance,capital_market,0.4588493539075119
5,178,DSDK03_TSOMISFESATP,Edison,0.45893148125785144
5,305,CAD,ProductDevelopment,0.4589391493507692
5,64,Hadoop,Distributed,0.4590770589010884
5,71,Weka,statistical_software,0.4602212959940791
5,233,Weka,Software,0.4602212959940791
5,228,DSENG03_DM4,Edison,0.4602399461581116
5,220,DSENG03_DM5,Edison,0.4606789891820664
5,325,PL-SQL,Computer_Programming,0.4607151141778947
5,150,DSENG03_ATFDM,Edison,0.46109999376356803
5,201,DSDA04_DB,Edison,0.46264657248214514
5,113,DSDM05_DP,Edison,0.46419370200781795
5,40,StatisticalTechniques,Statistics,0.4656952015386119
5,155,DSDA02_ST,Edison,0.4656952015386119
5,13,Master_of_Engineering,Education,0.4673184908352357
5,164,DSDA04_DB4,Edison,0.4692551085076204
5,52,Human_resource_management,Recuting,0.46926876731189426
5,216,DSDM03_DCAI,Edison,0.4724241848777302
5,95,Corporate communication,Business,0.4726582196043675
5,23,Mathematics,Math_Stats_tools,0.47342999444094025
5,122,DSDK06_ADFM,Edison,0.4750165668986376
5,15,Master_of_Laws,Education,0.4751614574407519
5,146,DSDK02_BDNPD,Edison,0.4756361087966383
5,132,DSENG06_DB,Edison,0.47567913163380904
5,258,Machine learning,Machine_Learning,0.47639349695117705
5,261,Machine_learning,Machine_Learning,0.47639349695117705
5,4,Chemistry_Quality_Eurolabels,Education,0.4764153420957701
5,8,Master_degree,Education,0.4767176220851215
5,202,DSDM02_DM,Edison,0.47775099228670503
5,309,RequirementsManagement,ProductDevelopment,0.4785293352425767
5,210,DSDM03_DI3,Edison,0.4789668029263119
5,138,DSDM01_WADMP,Edison,0.4815086892569428
5,306,MarketPenetration,ProductDevelopment,0.48232717503864075
5,7,Master_of_Science,Education,0.4825351935782297
5,284,Data_mart,Databases,0.48560943447816907
5,72,Oracle Data Mining,statistical_software,0.48655264842300217
5,80,Oracle_Data_Mining,statistical_software,0.48655264842300217
5,234,Oracle Data Mining,Software,0.48655264842300217
5,242,Oracle_Data_Mining,Software,0.48655264842300217
5,192,DSDM06_IPRIDM,Edison,0.48728651522848054
5,257,Clustering,Machine_Learning,0.48919997200555665
5,171,DSDM01_DMP,Edison,0.48934482763009557
5,199,DSDK03_TROFITSPADMP,Edison,0.49101797007213854
5,59,Cloud_Computing,Distributed,0.4916678189865107
5,65,Cloud Computing,Distributed,0.4916678189865107
5,120,DSENG04_DB6,Edison,0.49201550047708886
5,280,DB6,Databases,0.49201550047708886
5,78,Mathematica,statistical_software,0.4922383820721191
5,240,Mathematica,Software,0.4922383820721191
5,144,DSDK06_Marketing,Edison,0.4937159031185604
5,288,Oracle_Database,Databases,0.4948061650926887
5,273,MongoDB,Databases,0.4950692502462647
5,70,SPSS,statistical_software,0.4952662358993395
5,232,SPSS,Software,0.4952662358993395
5,332,Software_developer,Computer_Programming,0.4967515146669028
5,36,Stock_Exchange,capital_market,0.49684900775512264
5,281,Database2,Databases,0.49757222181439664
5,56,Human_resource_consulting,Recuting,0.4976354526868847
5,260,Categorization,Machine_Learning,0.4984556054759386
5,32,Financial_market,capital_market,0.4984686662161275
5,93,Service-oriented modeling,Business,0.4992322686164091
5,17,Biomedicine,Biomedical,0.5013600927239323
5,326,Julia,Computer_Programming,0.5036454671687591
