employment,0.29519146000000007
executive,0.23442583000000003
hr,0.19222134
po,0.18881413
agencies,0.15036164
human,0.13634954999999999
recruit,0.11710377
employment_agencies,0.10898155
learn,0.10830640000000001
category_total_list,0.10705278
professional,0.10468485
website,0.09613141
allen,0.08818042999999999
firm,0.08103787000000001
fee,0.07758371
organization,0.07387874
sloan,0.07154804
executive_aims,0.07142857
capital_partners_irc_executive_partners_ivy_exec_korn_ferry_neumann,0.07142857
zehnder_harris_associates_heidrick_struggles_higdonbraddockmatthews_howardsloan,0.07142857
christmas_eclaro,0.07142857
pagegroup_william_funk_associates_randstad_india_reed_hamilton_rosenzweig_spencer_stuart,0.07142857
source,0.06563767
agency,0.06383142
resource,0.06301285
fit,0.0605701
manage,0.05926963
employment_website,0.05769231
firms,0.055009039999999995
human_resource,0.0549972
employment_agencies_convention,0.05407031
management,0.04737696
public,0.047045689999999994
recruiter,0.04608272
match,0.04570457000000001
business,0.045591570000000005
mit,0.04455235
companies,0.0433871
candidate,0.04076544
client,0.038972520000000004
unit,0.03774363
state,0.03708849
united,0.03631166
hire,0.035275980000000005
employment_agency,0.03482069
consultant,0.03227427
states,0.03142169
recruitment,0.030946619999999998
special,0.03021295
retain,0.0300644
sources,0.029629030000000004
executive_firm,0.0295168
rate,0.02939771
hiring,0.02915759
recruiting,0.02909728
united_states,0.028976699999999998
resources,0.028972790000000005
candidates,0.02895441
law,0.027758740000000004
develop,0.027518050000000002
human_resources,0.0270042
employees,0.026599770000000002
working,0.02656832
practice,0.026397350000000003
structure,0.025516800000000003
worker,0.02551304
canada,0.02527785
organizational,0.0244729
hired,0.0244199
compensation,0.023866900000000003
benefit,0.023508920000000003
online,0.02342372
college,0.023107620000000002
serve,0.02304845
executive_firms,0.02295512
van,0.02277589
engage,0.022761190000000004
link,0.02269043
individual,0.02226101
positions,0.021482190000000005
social,0.021263570000000002
wise,0.02096055
level,0.02079585
imply,0.020782210000000002
refer,0.02074767
simply,0.020662730000000004
financial,0.020423780000000002
role,0.02015256
organizations,0.01997817
steps,0.019947620000000003
clients,0.01975579
standard,0.019589190000000003
internship,0.019589190000000003
internships,0.019469720000000003
inside,0.019469720000000003
agency_dicecom_elutaca_employment_guide_entelo_entertainmentcareersnet_crew_efinancialcareerscom_glassdoor_gumtree,0.01923077
jobberman_jobbi_jobindex_jobingcom_jobpostingsca_jobserve_jobster_jobstreetcom_jobtrak_kijiji_theladderscom,0.01923077
smartmatch_snagajob_spotjobs_stepstone_studentgems_swissnex_sxmjobscom_talent_zoo_talentegg_technojobs_television_writers_vault_timesjobscom_tolmol_trovit_tweetmyjobs_uloop,0.01923077
linkup_website_list_employment_websites_monstercom,0.01923077
bank_careerbuilder_careerbuilderca_careerstructurecom_clearancejobs_coolavenuescom_craigslist_cvlibrary_cybercoders,0.01923077
business_hosco_houndcom_igrad_indeedcom_insidetrak_internshipscom_internwise_ivory_standard_ivy_exec,0.01923077
qatarsale_researchgate_rndeer_rozeepk,0.01923077
muse_myjobmatcher_myscience_naukricom_naukrigulfcom_naukrinamacom_oodle_draftpaperpkcom_peopleperhour,0.01923077
aasaanjobscom_adzuna_aftercollege_akhtaboot_aljazeera_americas_exchange_anphabecom,0.01923077
monstercom_rozeepk_category_employment_websites_category_total_list,0.01923077
baytcom_bcgsearchcom,0.01923077
ties,0.01892146
recruiters,0.01890719
design,0.018021770000000003
relation,0.01777534
perform,0.017646349999999998
relations,0.017536390000000002
consultants,0.01748485
executives,0.017368170000000002
process,0.01726494
called,0.01723438
program,0.01715427
contingent,0.01688069
executive_firms_tech_recruitment_companies_online_employment_auction_websites_public_employment,0.01639344
employment_agencies_category_employment_agencies_category_total_list,0.01639344
christmas_nick_corcodilos_cvlibrary_elwood_staffing,0.01639344
united_states_employment,0.01639344
hall_hughescastell_interquest_plc_iq_analytics_mj_boyd,0.01639344
employment_agencies_convention_relevante_robert_half,0.01639344
agencies_challenger,0.01639344
bangladesh_association,0.01639344
harvey_nash_hays_plc,0.01639344
workers,0.01633561
development,0.01612631
general,0.015579089999999999
low,0.01519997
based,0.01485302
tasks,0.014643360000000001
practices,0.013990800000000001
function,0.01378921
training,0.01371877
plans,0.01359656
benefits,0.01357341
culture,0.013308049999999998
professionals,0.0127641
trial,0.01260778
industrial,0.0124883
engaged,0.01204997
require,0.01192971
establish,0.011868010000000002
works,0.01158937
seek,0.011574500000000001
environment,0.011232820000000001
agent,0.011092290000000001
effective,0.01106964
programs,0.01099921
performance,0.01099921
measure,0.01083215
roles,0.01046239
large,0.010282050000000001
workplace,0.010277030000000001
resource_management,0.01021018
needed,0.01013827
traits,0.01009868
psychology,0.009923940000000001
competencies,0.00974026
include,0.00955561
aid,0.0094253
ability,0.00939128
searches,0.00930582
onboarding,0.00921686
seeking,0.00912802
direct,0.00912511
personnel,0.00901726
fees,0.009006670000000001
workforce,0.00900578
influence,0.008999
engagement,0.00886197
implement,0.00874249
relationship,0.00841133
references,0.008361120000000001
interview,0.00832805
defined,0.0083252
resource_consultancies,0.00808625
success,0.00805439
frame,0.0080448
provide,0.00800403
theory,0.00792547
contingent_firms,0.00787402
senior,0.007813800000000001
networks,0.00780585
developed,0.00769338
represent,0.00769329
organizational_psychology,0.00765738
efficacy,0.00756878
higher,0.00754233
charge,0.00739533
tend,0.00733779
term,0.007277489999999999
set,0.007276
including,0.00712062
contents,0.00710899
invest,0.00705012
assist,0.0069421299999999995
method,0.0067519
involve,0.006681299999999999
assignment,0.0066209500000000004
personenvironment,0.00661298
personenvironment_fit,0.00661298
industrial_organizational,0.0065838500000000005
industrial_organizational_psychology,0.0065838500000000005
education,0.00657227
formal,0.00656411
retainer,0.00656168
facilitate,0.00652498
framework,0.00649351
fit_workplace,0.00649351
online_social_networks,0.00649351
social_networks,0.00649351
socialization,0.00645161
proposed,0.00634798
office,0.0061433500000000005
action,0.0061124000000000005
integration,0.00606164
achieve,0.0059910499999999995
accountancy,0.00594217
systems,0.0059305899999999995
team,0.0058715799999999995
deal,0.00578507
experience,0.0056805499999999995
generally,0.0056667900000000005
successful,0.00560776
complete,0.0055737600000000005
lead,0.0054398599999999995
contact,0.00542808
processpeople_consultant,0.00539084
labor_relations,0.00536769
knowledge,0.0053104
members,0.00530891
offer,0.00530867
australia,0.00525988
investment,0.00525988
corporate,0.005249500000000001
placement,0.00524934
satisfaction,0.00509774
future,0.00509586
specific,0.0050713
client_companies,0.00506966
create,0.00500945
establishment,0.00500945
improve,0.00496196
newcomer,0.0049573199999999994
activities,0.0049031
number,0.00489121
labour_organization,0.00488998
motivation,0.00485706
inform,0.00484408
requirements,0.0048322
adjust,0.00479992
mode,0.00477333
commitment,0.004714609999999999
stay,0.00467856
model,0.00465386
initial,0.00465252
turnover,0.00461984
coworker,0.00450037
relationships,0.00447418
logical,0.00443976
adapt,0.00438089
entire,0.00435445
manager,0.00423528
gaining,0.00417477
degree,0.00414194
remove,0.00412723
broad,0.00412723
order,0.0041172299999999995
instance,0.0041157500000000005
accept,0.0040583600000000004
policies,0.00399633
levels,0.00394904
tool,0.0039029900000000003
ensure,0.00387685
demonstrated,0.00382956
basis,0.00381768
tools,0.0037835200000000003
complete_tasks,0.0037835200000000003
buettner,0.0037835200000000003
covers,0.0037835200000000003
tests,0.0037835200000000003
assessment,0.0037835200000000003
analysis,0.0037835200000000003
institute_personnel_development,0.00376896
approach,0.0037588099999999996
executive_positions,0.00375733
play,0.00372465
examples,0.00371009
organizational_culture,0.0036512100000000002
situation,0.00360517
stress,0.0034857
plays,0.0034857
organizations_culture,0.0034857
good,0.0034857
efficiently,0.0034857
expect,0.0034022799999999997
gauge,0.00336622
organizations_fit,0.00336622
matching,0.00336622
personalityjob,0.00336622
personalityjob_fit_theory,0.00336622
personalityjob_fit,0.00336622
fit_theory,0.00336622
personorganization,0.00336622
strategy,0.0033516600000000002
emerge,0.0033516600000000002
vary,0.0033516600000000002
basic,0.0033516600000000002
control,0.00334018
study,0.00334008
big,0.00329279
hires,0.0032810699999999996
postulates_persons_traits,0.00324675
synergy,0.00324675
stresses,0.00324675
turnover_low,0.00324675
displays,0.00324675
fit_theory_postulates,0.00324675
efficacy_motivation,0.00324675
stay_committed_organizations,0.00324675
organization_po,0.00324675
fit_workplace_efficacy,0.00324675
reveal_adaptability_organization,0.00324675
environment_culture,0.00324675
framework_candidates_traits,0.00324675
committed_organizations_fit,0.00324675
achieve_synergy_avoid,0.00324675
workplace_environs_worker,0.00324675
fit_common_measure,0.00324675
perform_optimum_level,0.00324675
measure_po_fit_workplace_efficacy_rate_workers,0.00324675
low_satisfaction_employees,0.00324675
practice_po_fit_gauge_integration,0.00324675
organizational_competencies,0.00324675
efficacy_motivation_influence_coworker_respect_competencies,0.00324675
accountancy_matching_workers,0.00324675
interview_situational_analysis,0.00324675
framework_recommender_systems,0.00324675
degree_confluence,0.00324675
organization_degree_confluence,0.00324675
achieve_synergy,0.00324675
influence_coworker_respect,0.00324675
buettner_proposed_framework,0.00324675
culture_perform,0.00324675
respect,0.00324675
low_satisfaction,0.00324675
synergy_avoid,0.00324675
avoid_pitfalls,0.00324675
traits_organizations,0.00324675
optimum_level_buettner,0.00324675
persons_traits,0.00324675
assessment_centres,0.00324675
workplace_efficacy,0.00324675
fit_workplace_stresses,0.00324675
framework_recommender,0.00324675
referred_personenvironment_fit,0.00324675
worker_works,0.00324675
individual_assessed_competencies,0.00324675
networks_future_employees_covers_po_fit_framework_candidates_traits_organizations_culture_traits,0.00324675
coworker_respect,0.00324675
adjust_environment,0.00324675
environs_worker_works,0.00324675
automatically_extracted_online,0.00324675
workers_complete,0.00324675
recommender_systems,0.00324675
po_fit_workplace_stresses,0.00324675
influence_coworker,0.00324675
referred_personenvironment,0.00324675
centres,0.00324675
personorganization_po_fit,0.00324675
employees_stay,0.00324675
competency,0.00324675
culture_perform_optimum,0.00324675
satisfaction_employees,0.00324675
fit_common,0.00324675
expressed_personorganization,0.00324675
workplace_efficacy_rate,0.00324675
tasks_accountancy,0.00324675
fit_good,0.00324675
competencies_reveals_efficacy,0.00324675
systems_searching_online,0.00324675
situational_analysis,0.00324675
networks_future_employees,0.00324675
networks_future,0.00324675
efficacy_rate_workers,0.00324675
tests_assessment,0.00324675
tools_psychological_tests,0.00324675
traits_reveal,0.00324675
persons,0.00324675
synergy_avoid_pitfalls,0.00324675
centres_competency,0.00324675
workers_achieve,0.00324675
motivation_influence_coworker,0.00324675
competencies_assessed_tools,0.00324675
efficacy_motivation_influence,0.00324675
tests_assessment_centres_competency,0.00324675
fit_framework,0.00324675
expressed_personorganization_po,0.00324675
perform_optimum,0.00324675
optimum,0.00324675
tasks_mitigated_workplace,0.00324675
coworker_respect_competencies,0.00324675
persons_traits_reveal,0.00324675
tasks_tasks,0.00324675
adaptability_organization_degree_confluence_organization,0.00324675
optimum_level,0.00324675
psychological_tests_assessment,0.00324675
competencies_reveals,0.00324675
proposed_framework_recommender,0.00324675
proposed_framework,0.00324675
fit_theory_po,0.00324675
theory_postulates,0.00324675
fit_framework_candidates,0.00324675
workplace_stresses,0.00324675
workplace_environs_worker_works,0.00324675
motivation_influence,0.00324675
workplace_stresses_individual,0.00324675
recommender,0.00324675
employees_covers,0.00324675
efficiently_individual_team,0.00324675
rate_workers,0.00324675
traits_reveal_adaptability,0.00324675
framework_candidates,0.00324675
adaptability,0.00324675
satisfaction_employees_stay,0.00324675
common_measure,0.00324675
personorganization_po,0.00324675
traits_organization,0.00324675
confluence,0.00324675
workplace_environs,0.00324675
individual_team_higher,0.00324675
pitfalls_turnover_low,0.00324675
aptitude,0.00324675
individual_team,0.00324675
adaptability_organization,0.00324675
workers_complete_tasks,0.00324675
displays_po_fit,0.00324675
accountancy_matching_worker,0.00324675
committed_organizations,0.00324675
individual_adjust,0.00324675
team_higher,0.00324675
integration_organizational_competencies,0.00324675
organizations_culture_traits,0.00324675
environs_worker,0.00324675
fit_referred_personenvironment,0.00324675
workers_achieve_synergy,0.00324675
pitfalls_turnover,0.00324675
searching_online,0.00324675
efficacy_rate_worker,0.00324675
adjust_environment_culture,0.00324675
assessed_tools,0.00324675
turnover_low_satisfaction,0.00324675
networks_aptitude,0.00324675
assessment_centres_competency,0.00324675
social_networks_future,0.00324675
individual_adjust_environment,0.00324675
individual_displays,0.00324675
based_interview,0.00324675
competency_based_interview,0.00324675
fit_gauge,0.00324675
environment_culture_perform,0.00324675
reveal_adaptability,0.00324675
rate_worker,0.00324675
theory_postulates_persons,0.00324675
gauge_integration,0.00324675
stay_committed_organization,0.00324675
pitfalls,0.00324675
tests_assessment_centres,0.00324675
postulates_persons,0.00324675
organization_degree,0.00324675
degree_confluence_organization,0.00324675
works_efficiently_individual,0.00324675
environs,0.00324675
organization_expressed_personorganization,0.00324675
psychological_tests,0.00324675
newcomers,0.00322581
receive,0.00310257
recruits,0.00310257
wins,0.00310123
cultures,0.00305384
ease,0.00304385
quality,0.00293437
effort,0.00292438
productive,0.00286378
limits,0.00286362
models,0.00286362
performance_engagement,0.00281489
suggests,0.00281489
retention,0.00281489
break,0.00281489
competitive,0.00281489
active,0.0028049
produce,0.00280341
dedicated,0.00280331
virtual,0.00280331
behavior,0.00274618
meet,0.0027443
rely,0.00274414
fail,0.00274414
senior_level,0.00274414
days,0.00274414
guide_postmove_expat_management_program,0.00269542
cmc_hr,0.00269542
resources_consultant_chrc,0.00269542
counseling_initiatives_investments,0.00269542
expatriates_executives,0.00269542
partialpackage_expatriates_premove,0.00269542
solutions_role,0.00269542
development_change,0.00269542
resources_institute_fahri,0.00269542
firms_mbb,0.00269542
contents_core_fields_practice_companies_field_qualifications_certifications_references_core_fields_practice_core_fields,0.00269542
clarck_expert_resource_consultant,0.00269542
cultures_styles_postmerger_integration_talent_mobility_execution,0.00269542
associate_fellow,0.00269542
llp_mckinsey_accenture_boston,0.00269542
implementation_role,0.00269542
hay_pricewaterhousecoopers,0.00269542
ranges_sizes_consultants_academicians,0.00269542
capital_diligence_coordinate,0.00269542
practice_field_vaultcom_website_industry_fortune_hr,0.00269542
form_practices,0.00269542
resources_shrm_phr_sphr_canada_fcipd_mcipd_pgdhr_dhr_uk,0.00269542
resources_phr_sphr_gphr_hrci_usa_shrmcp_shrmscp_shrm_usa_health_benefits_cebs_cbp_compensation_ccp,0.00269542
salary_bonuses_stock_plans_evaluation_positions_salary_structures_bonus_plans_stock_plans_clients,0.00269542
practices_compensation_design,0.00269542
contribution_plans_mergers_acquisitions_conduct,0.00269542
qualifications_certifications_accountancy_acca_cpa_cca,0.00269542
types_executive_compensation_consultants_sales_compensation_consultants_benefits,0.00269542
cipd_fcipd_fellow,0.00269542
payroll_hr_technology,0.00269542
compensation_programs,0.00269542
bain_qualifications_certifications,0.00269542
ea_asa_fsa_maaa_fia_fiaa_ffa,0.00269542
resource_consultants,0.00269542
ms_managementhrindustrial,0.00269542
cost_effectiveness_retirement_programs,0.00269542
steele_kubrm_niedereicholz_curnowreuvid,0.00269542
design_practices,0.00269542
resource_management_tasks_decisions_hr_consultants,0.00269542
solutions_methods,0.00269542
engagement_measure_engagement_levels_surveys_interviews,0.00269542
roles_expert_resource_consultant_processpeople_consultant_roles,0.00269542
expertise_experience,0.00269542
firms_rank_mercer,0.00269542
resource_technologies,0.00269542
recruiter_rpr_canada,0.00269542
competitiveness_effectiveness_benefit_plans_analytics_design_costeffectiveness_quality_vendors_brokerage,0.00269542
total_rewards_strategy_performance_management_leadership_transformation_organisation_structure_design_companies,0.00269542
psychology_mba_phd_management_dba_jd_finance_cfa,0.00269542
activities_execution,0.00269542
market_mercer_towers_watson_aon_hewitt_hay_buck_consultants,0.00269542
performance_engagement_retention_area_hr,0.00269542
raise_creativity_client,0.00269542
llc_pwc,0.00269542
firm_towers_watson_aon_hewitt_deloitte,0.00269542
benefit_plan_design_administration,0.00269542
capital_management_companies_field,0.00269542
takes,0.00268394
matters,0.00268394
required,0.00268394
increasing,0.00268394
resources_management,0.00268384
contingent_recruiters,0.00262467
retained_recruiters,0.00262467
recruiters_paid,0.00262467
placement_candidate,0.00262467
commitment_fee,0.00262467
candidates_client,0.00262467
retained_recruiter,0.00262467
candidates_clients,0.00262467
placement_fee,0.00262467
clients_candidate,0.00262467
reject,0.00256446
point,0.00256446
increasingly,0.00256446
targeted,0.00256446
officially,0.00256446
fully,0.00256446
sanction,0.00256446
confidence,0.00256446
secure,0.00256446
camp,0.00256446
uncertainties,0.00256446
officer,0.00250535
offering,0.00250535
individuals,0.00244663
increase,0.00244648
domain_executive_recruiters,0.00244499
employment_enterprises,0.00244499
client_relationships_sales_business_development_finding_candidates,0.00244499
instance_uk_employment_agencies_germany_arbeitnehmerberlassungsgesetz,0.00244499
representatives_employers_workers,0.00244499
executive_personnel_companies_industries_term,0.00244499
judgments_supreme_court_case,0.00244499
kingdom_roles,0.00244499
employment_agencies_thirdparty_recruiters,0.00244499
candidates_fee,0.00244499
field_business_accounting_health_care,0.00244499
article_public_employment,0.00244499
agency_private,0.00244499
engineering_agency_citation,0.00244499
states_states,0.00244499
public_employment_agencies_control,0.00244499
status_twentieth_century,0.00244499
adams_tanner,0.00244499
government_labour_exchanges_public_provider,0.00244499
employment_agency_organization_matches_employers_employees,0.00244499
uk_agency_worker_law_talent_agent_recruitment,0.00244499
employment_agencies_private,0.00244499
employment_private,0.00244499
fulltime_directhire_positions_contract_positions,0.00244499
business_profit_agencies,0.00244499
contacts_client_companies_candidates,0.00244499
firm_fee_executive_agent_executive_agent_agency,0.00244499
programme_employment,0.00244499
references_public_employment_agency_henry_robinson,0.00244499
establishment_employment_agencies_charge_fees,0.00244499
labor_market,0.00244499
public_employment_agency_combat_unemployment_workcitation,0.00244499
authority_committees,0.00244499
agencies_unemployment_recommendation_art,0.00244499
stance_calls_regulation_countries_agencies,0.00244499
san_francisco_earthquake,0.00244499
firms_charge_candidates_fee,0.00244499
art_members_agencies,0.00244499
establishment_public_employment_agencies,0.00244499
article_executive_executivesearch_firm,0.00244499
reformer_employment_campaigner,0.00244499
executivesearch_assignment,0.00244499
law_executive_recruitment,0.00244499
fee_scale,0.00244499
kingdom_positions,0.00244499
hay_hill_london,0.00244499
states_conventions,0.00244499
labour_bureau_london,0.00244499
katharine_felton_response_problems,0.00244499
positions_pay_exception_public_sector,0.00244499
government_licenses,0.00244499
private_agencies,0.00244499
stakeholder_confidence,0.00244499
abolition_exception_agencies,0.00244499
commonwealth_employment,0.00244499
workforce_investment_australia_public_employment_set,0.00244499
areas_recruiters,0.00244499
businesses_employment_agencies_contents_public_employment_agencies,0.00244499
status_executive_recruitment_executive_agent_notes_references_public_employment_agencies,0.00244499
organization_contingent_workforce_payrolling,0.00244499
employment_agency_private,0.00244499
labour_organizations_recommendation,0.00244499
businessmens_clearing_house,0.00244499
agencies_unemployment_convention_art,0.00244499
office_addresses_encounters_link_employers_workers,0.00244499
kingdom_labour_exchange,0.00244499
collective,0.00238602
hand,0.00232701
differ,0.00232701
tactic,0.00227001
feel,0.00226813
resources_professional,0.00226654
human_resources_professional,0.00226654
universities,0.00226654
expected,0.00220753
orientation,0.00215054
hr_department,0.00214707
resources_professionals,0.00214707
practitioners,0.00208821
highly,0.00208806
skills,0.00208806
categories,0.00208806
involves,0.00208806
mentor,0.00203106
informal,0.00202919
refers,0.0019704600000000003
choose,0.00196858
develops,0.00196858
annual,0.00196858
tactics,0.00191159
graduate,0.00184926
support,0.00184926
studies,0.00172978
training_programs,0.00172978
evidence,0.0016709099999999998
stage,0.0016707599999999999
higher_level,0.0016707599999999999
resource_management_core_functions,0.00161031
hr_departments,0.00161031
study_hr,0.00161031
cornell_university,0.00161031
behaviors,0.00155317
key,0.00155144
processes,0.00155144
follow,0.0015512899999999999
informally,0.0015512899999999999
fixed,0.0015512899999999999
stages,0.0015512899999999999
increased,0.0015512899999999999
desirable,0.0015512899999999999
material,0.0015512899999999999
feedback,0.00149256
productivity,0.00143196
companys,0.00143196
broad_categories,0.00143181
providing,0.00143181
differences,0.00143181
nature,0.00143181
suitable,0.00143181
recruited,0.00143181
availability,0.00143181
cases,0.00143181
assignments,0.00143181
positions_organization,0.00143181
identified,0.00143181
percent,0.00143181
meets,0.00143181
responsibilities,0.00137309
efforts,0.00137309
events,0.00137309
great,0.00137309
socialization_tactic,0.00131422
reduce,0.00131249
ways,0.00131249
determine,0.00131249
helping,0.00131249
trained,0.00131249
duties,0.00131249
executives_companies_management_consultants,0.00131234
candidates_compensation,0.00131234
firms_shoulder_risk,0.00131234
executive_firm_standalone_consultant_availability,0.00131234
level_professionalism_confidentiality,0.00131234
recruitment_source_candidates,0.00131234
timeframe_offering_refund,0.00131234
requirements_fit_culture,0.00131234
completion_assignment,0.00131234
material_change_requirements_management_team,0.00131234
executives_client_companies_firms_decline_assignments_companies_order,0.00131234
percentage_fee_basis,0.00131234
knowledge_area,0.00131234
firms_retainer,0.00131234
candidatehire_contingent_firms,0.00131234
business_industry_sector,0.00131234
guarantee_assignment,0.00131234
fees_event,0.00131234
process_employment_agency_recruitment,0.00131234
total_preplacement_fees,0.00131234
relationships_clients,0.00131234
capital_client_companies_industries_executive_agentsprofessionals,0.00131234
candidates_companies,0.00131234
firm_searches_client,0.00131234
recruiters_organizations_clients_candidates,0.00131234
fee_stages,0.00131234
level_executive_positions_executive_professionals,0.00131234
methodologies_executive_firms,0.00131234
level_methods,0.00131234
model_retainers,0.00131234
days_placement_candidate,0.00131234
level_risk,0.00131234
competitors_businesses,0.00131234
thirdparty_organization,0.00131234
contingent_recruiters_paid,0.00131234
positions_pay_upwards_fees,0.00131234
years_cases_suitability_candidates,0.00131234
candidates_firstyear_base_salary_total_remuneration,0.00131234
fee_expertise_firm_firm,0.00131234
number_contingent_recruiters_order,0.00131234
fee_fee,0.00131234
form_highend_executive,0.00131234
client_organizations,0.00131234
volume_candidate_seeker,0.00131234
contingency_clients,0.00131234
executive_firm_lack,0.00131234
entity_freedom,0.00131234
state_future_project,0.00131234
charge_candidates_candidates_pay_retainer,0.00131234
resources_networks,0.00131234
firms_paid,0.00131234
recruitment_effort_startup_candidate,0.00131234
firstyear_bonus_payout_case_fee,0.00131234
typically_candidate,0.00131234
contingent_pros_cons_executive_models_executive_firms_executive_firm,0.00131234
candidates_candidate,0.00131234
guarantees_number_dollar_searches,0.00131234
compensation_executive,0.00131234
positions_organizations_method,0.00131234
range_contacts_industry_field_specialty,0.00131234
recruits_match_clients_requirements_executive_firm,0.00131234
interests_clients_conduct_searches,0.00131234
retained_searches,0.00131234
retainerstyle_level,0.00131234
employees_clients_candidates_clients_instance_headhunter_recruits_ceo,0.00131234
consultative_process,0.00131234
professionals_shoulder_risk_failure,0.00131234
relationship_recruiter,0.00131234
firms_contingent_firms_clients,0.00131234
clients_companies,0.00131234
relationship_client_executive_firm,0.00131234
employment_countries_uk_recruiters,0.00131234
retained_fee,0.00131234
fit_culture,0.00131234
firm_executive_firms,0.00131234
candidate_leaves,0.00131234
hires_median,0.00131234
client_employers,0.00131234
markets_quote_fees_range_pros_cons_executive_models_clients_companies,0.00131234
consultative_market,0.00131234
recruiters_stay,0.00131234
offlimits_agreements_agreements,0.00131234
volume_candidates_approach_contingent_firms,0.00131234
positions_contingent_firms,0.00131234
delimited_recruiters,0.00131234
clock_clients_incentive,0.00131234
level_roles_clients,0.00131234
categories_contingent,0.00131234
highend_executive_firms_retainer,0.00131234
screening_candidate_negotiations_remuneration_employment_contract_contents_executive_firms,0.00131234
executive_fee,0.00131234
counseling_firms,0.00131234
executive_fee_payments_thirds_fee,0.00131234
experiences,0.00125362
organizational_commitment,0.00119474
clarity,0.00119474
role_clarity,0.00119474
socialization_process,0.00119474
frequently,0.00119301
document,0.00119301
accessible,0.00119301
pertaining,0.00119301
history,0.00119301
locations,0.00119301
chief,0.00119301
concerns,0.00119301
managers,0.00119301
early,0.00119301
appraisal,0.00119301
personnel_psychology,0.00119301
influenced,0.00119301
fare,0.00119301
inquiry,0.00119301
john,0.00119301
viewing,0.00119301
coworkers,0.00113414
rates,0.00113414
acceptance,0.00107527
mentors,0.00107527
socialization_tactics,0.00107527
management_hr,0.00107354
hr_management,0.00107354
resources_systems_hris,0.00107354
cnn_money,0.00107354
labor_relations_cornell_university_worlds_school_collegelevel_study_hr,0.00107354
programs_study,0.00107354
resources_practices,0.00107354
workforce_management,0.00107354
resources_management_activities,0.00107354
hr_professionals_applicants,0.00107354
resource_management_shrm,0.00107354
hr_practices,0.00107354
resources_generalists,0.00107354
relations_movement,0.00107354
decade_institute,0.00107354
energy_capabilities,0.00107354
researchers,0.00101467
power,0.00101467
leading,0.00101467
social_acceptance,9.5579E-4
selfefficacy,9.5579E-4
expectation,9.5579E-4
outcomes,9.5579E-4
period,8.951899999999999E-4
occupation,8.951899999999999E-4
lower,8.951899999999999E-4
factors,8.951899999999999E-4
expectations,8.3632E-4
knowledge_organizational_culture,8.3632E-4
characteristics,8.3632E-4
knowledge_organizational,8.3632E-4
values,8.3632E-4
norm,8.3632E-4
desire,7.7572E-4
additionally,7.7572E-4
terms,7.7572E-4
opportunities,7.7572E-4
questions,7.7572E-4
completing,7.7572E-4
potential,7.7572E-4
networking,7.7572E-4
learning,7.7572E-4
proactive,7.1685E-4
positive,7.1685E-4
adjustment,7.1685E-4
attitudes,7.1685E-4
norms,7.1685E-4
circumstances,6.5624E-4
workers_organization,6.5624E-4
principles,6.5624E-4
consistently,6.5624E-4
suggested,6.5624E-4
commitment_loyalty,6.5624E-4
evolve,6.5624E-4
occupational,6.5624E-4
communication,6.5624E-4
extensive,6.5624E-4
potential_employees,6.5624E-4
making,6.5624E-4
cultural,6.5624E-4
loyalty,6.5624E-4
draw,6.5624E-4
reducing,6.5624E-4
changing,6.5624E-4
initially,6.5624E-4
presence,6.5624E-4
depending,6.5624E-4
designed,6.5624E-4
productive_workers,6.5624E-4
transitioning,6.5624E-4
easier,6.5624E-4
focused,6.5624E-4
schools,6.5624E-4
facilitated,6.5624E-4
europe,6.5624E-4
report,6.5624E-4
fast,6.5624E-4
vital,6.5624E-4
perspective,6.5624E-4
discuss,6.5624E-4
conditions,6.5624E-4
incorporate,6.5624E-4
executive_onboarding,5.9737E-4
orientation_program,5.9737E-4
understanding,5.9737E-4
onboarding_process,5.9737E-4
assigned,5.9737E-4
formal_socialization,5.9737E-4
formal_orientation,5.9737E-4
approach_training,5.3677E-4
thousands_files,5.3677E-4
internet_access_addition,5.3677E-4
resource_management_core_functions_mondy_mondy,5.3677E-4
education_hrm_field_colleges_universities_house_departments_institutes_field_business_school_college_business_schools_offer_courses_hr_departments_management,5.3677E-4
hr_members_countries_suite,5.3677E-4
welfare_workers_decade_institute_labour_management,5.3677E-4
compensation_structures_family_leave_programs_discounts_benefits_employees_field,5.3677E-4
hr_principles_colleges_universities_colleges_business_departments_hr_management_professors_conduct_topics_fall_hr_domain,5.3677E-4
inquiry_organization_development,5.3677E-4
meeting_publications,5.3677E-4
transformation_change_macrolevel_hr_charge,5.3677E-4
resources_management_consequentlycitation,5.3677E-4
business_case,5.3677E-4
mobility_management,5.3677E-4
associations_companies,5.3677E-4
borders_business_topics,5.3677E-4
labor_relations_cornell_university_worlds_school_collegelevel_study_hr_universities_offer_programs_study,5.3677E-4
resource_management_wikipedia,5.3677E-4
experience_hire_education_school,5.3677E-4
factors_organizations,5.3677E-4
claims_legitimacy,5.3677E-4
remuneration_worklife_balance_niche_associations,5.3677E-4
character_bbc_sitcom_dinnerladies_philippa_hr_manager_practice_business_function_dave_ulrich_lists_functions_hr,5.3677E-4
employees_web,5.3677E-4
training_employees_control,5.3677E-4
knowledge_contents,5.3677E-4
hr_policies_character_catbert_evil_director,5.3677E-4
human_resources_hr,5.3677E-4
support_function_business,5.3677E-4
development_training_programs_performance_evaluations_reward_programs_relations_deals_concerns_employees_policies,5.3677E-4
bolshevik_party_orgburo,5.3677E-4
number_employees,5.3677E-4
resources_generalists_business_partners,5.3677E-4
resources_management_york_university,5.3677E-4
fall_categories_generalist_specialist_generalists_support_employees,5.3677E-4
capital_management_hcm,5.3677E-4
offer_benefits_appeal_workers,5.3677E-4
workplace_studies_school,5.3677E-4
tools_hr_professionals_applicants_thousands_locations_place_interview_feedback_drug_tests,5.3677E-4
resources_diversity_inclusion_technology_advance_engagement_environment_companies_focus,5.3677E-4
management_organizations,5.3677E-4
terms_field,5.3677E-4
psychology_articles,5.3677E-4
payroll_benefits_administration_globalization_consolidation,5.3677E-4
classrooms_hr_professionals_train,5.3677E-4
resources_technology,5.3677E-4
article_list,5.3677E-4
media_productions,5.3677E-4
market_revenue,5.3677E-4
paperwork_basis_paperwork_department_transfer_request_employees,5.3677E-4
training_sites_resources,5.3677E-4
capital_organization_focus,5.3677E-4
hr_academy_management_hr_division_division,5.3677E-4
influence_organizationscitation,5.3677E-4
hr_business_strategy,5.3677E-4
pennsylvania_state_university_rutgers_state_university_jersey_school_management_labor_relations_michigan_state_university_indiana_university_purdue_university_university_minnesota_xavier_labour_relations_institute_jamshedpurindia_university_illinois_urbanachampaign_renmin_university_china_london_school_economics_canada_school,5.3677E-4
business_train_practitioners_institutions,5.3677E-4
space_office_benefit_hris,5.3677E-4
hr_cornell_hr_hr_magazine_shrm,5.3677E-4
printing_publications_word_mouth_positions_hr_professionals_location_access_millions,5.3677E-4
field_hr,5.3677E-4
hr_television_series_office_hr_representative,5.3677E-4
benefits_performance_appraisals_rewards_function_maintenance,5.3677E-4
finding_ways,5.3677E-4
resources_management_activities_history,5.3677E-4
conditions_yield,5.3677E-4
employees_commitment_loyalty_organization_discipline,5.3677E-4
employeremployee_relationship_discipline,5.3677E-4
training_relations_benefits,5.3677E-4
firms_mercer,5.3677E-4
path_hr_manager,5.3677E-4
performance_employers,5.3677E-4
organization_pay_satisfaction_security_future_growth_benefit_society,5.3677E-4
resource_management_human,5.3677E-4
tasks_businesses_function,5.3677E-4
chief_hr_officer_hr_director,5.3677E-4
american_society_personnel_administration,5.3677E-4
practitioner_publications,5.3677E-4
workforce_mobility_collaboration_corporations,5.3677E-4
policies_processes_specialists,5.3677E-4
practitioner_organizations,5.3677E-4
compensation_recruitment_training,5.3677E-4
advances_hr,5.3677E-4
resources_field,5.3677E-4
states_worlds_institution,5.3677E-4
elton_mayo_document_hawthorne_studies_stimuli,5.3677E-4
resources_education,5.3677E-4
pay_benefit_systems_hr_concerns,5.3677E-4
england_welfare_workers_association,5.3677E-4
principal_inputs,5.3677E-4
problems_soldiers,5.3677E-4
resources_systems_peoplesoft_mytime,5.3677E-4
discipline_staff,5.3677E-4
specialists_charge_finding,5.3677E-4
format_organization_access,5.3677E-4
resources_systems_hris_companies_store,5.3677E-4
psychology_journal_management_journal,5.3677E-4
resource_management_associations_number,5.3677E-4
fields_management,5.3677E-4
academy_management_journal_academy_management_hosts,5.3677E-4
workforce_management_business_landscape,5.3677E-4
effectiveness_hr_academy,5.3677E-4
resources_hr_manager_title_character_israeli_film,5.3677E-4
resources_professionals_areas_labor_relations_representatives,5.3677E-4
management_manpower_management_talent_management_personnel_management,5.3677E-4
consulting_hr,5.3677E-4
wellbeing_employees,5.3677E-4
policies_systems_hr_departments_units_organizations,5.3677E-4
hr_executive_companies,5.3677E-4
risk_half_hr_practitioners,5.3677E-4
resource_development_compensation_benefits_safety_health_labor_relations,5.3677E-4
fit_systems,5.3677E-4
deloitte_watson_wyatt_towers_watson_aon,5.3677E-4
employees_assets_cogs_machine,5.3677E-4
effectiveness_influence_humanresource_policies_practices_stalin,5.3677E-4
joint_degree_program_samuel_curtis_johnson_graduate_school_management_universities,5.3677E-4
hr_practices_areas,5.3677E-4
hr_association_society,5.3677E-4
media_practice_business_function,5.3677E-4
media_presence,5.3677E-4
opportunities_deal_discrimination_deal_performance_issues,5.3677E-4
article_businesses,5.3677E-4
progress_computerized_testing_programs_employers,5.3677E-4
technology_recruiters,5.3677E-4
resources_manager_functions,5.3677E-4
compliance_employment_labor_laws,5.3677E-4
management_workforce_function,5.3677E-4
worklife_balance_managers_training_internet,5.3677E-4
resources_business_field,5.3677E-4
psychology_journal_personnel_psychology_organization_science_personnel_psychology,5.3677E-4
journal_selection_assessment_journal,5.3677E-4
practices_requirements,5.3677E-4
andrew_carnegie_john_rockefeller_public_policy,5.3677E-4
states_millions,5.3677E-4
term_functionthe,5.3677E-4
companies_hr_consultancies,5.3677E-4
hr_duties,5.3677E-4
resources_function_organizations,5.3677E-4
harassment_discrimination_benefits,5.3677E-4
protohr_personnel_administrationcitation,5.3677E-4
timeco_jobsnavigator_training_technology,5.3677E-4
hires_face_face,5.3677E-4
staff_hire_employees,5.3677E-4
associations_offer_training_certification_society,5.3677E-4
liaison_employees_representatives_labor_union_hr_representatives,5.3677E-4
functions_staffing_training_development_motivation_maintenance_staffing_recruitment_selection_potential_employees,5.3677E-4
cnn_money_individuals_phds_hr_fields,5.3677E-4
inquiry_workforce_productivity_england_myers,5.3677E-4
seconds_hris_place_professionals,5.3677E-4
relations_movement_sides_atlantic,5.3677E-4
paperwork_training,5.3677E-4
resources_knowledge_individuals,5.3677E-4
film_ressources_humaines,5.3677E-4
resources_phr_certifications_hr_certification_institute,5.3677E-4
questions_grievances_range_projects_organization,5.3677E-4
generalist_specialist_experiences,5.3677E-4
initiatives_mergers_acquisitions_talent_management_succession,5.3677E-4
flenderson_nag,5.3677E-4
chief_executive_officer_works_board_directors_ceo_succession_companies_hr_positions,5.3677E-4
training_development_step,5.3677E-4
benefits_design_recruitment_training_development_performance_appraisal,5.3677E-4
media_companys_brand_news_photos_fun_events,5.3677E-4
bargaining_agreement_hr,5.3677E-4
developments_birth_evolution_discipline,5.3677E-4
idea_robert_owen_charles_babbage,5.3677E-4
hewitt_pwc,5.3677E-4
psychology_management_professors,5.3677E-4
labor_relations_diversity_inclusion,5.3677E-4
generals_politicians_war_set,5.3677E-4
regulations_push_employees_motivation_focus,5.3677E-4
hr_tasks,5.3677E-4
objectives_hr,5.3677E-4
training_place,5.3677E-4
total_rewards_compensation_benefits_performance_recognition_development_offering_certifications_training_programs,5.3677E-4
resources_manager_hr_intern_protagonist,5.3677E-4
century_advances_transportation_communications,5.3677E-4
publications_hr_field_study,5.3677E-4
recruitment_selection_training_development_performance_management_remuneration_compensation_remuneration,5.3677E-4
portals_hr_professionals,5.3677E-4
sidney_beatrice_webb_franklin_roosevelt_deal,5.3677E-4
hr_associationwith_predecessor_institution,5.3677E-4
association_offering_members_education_support_training_worldatwork,5.3677E-4
payroll_benefits_compensation,5.3677E-4
resource_management_perspectives_lera_publications_academy_management_journal_academy_management,5.3677E-4
employers_specialists,5.3677E-4
organizations_behavior,5.3677E-4
resource_half_century_union_membership,5.3677E-4
century_europe,5.3677E-4
records_policies,5.3677E-4
duties_function,5.3677E-4
cuts_costs_technology,5.3677E-4
health_safety_security_circumstances_employees_desire,5.3677E-4
niches_hr_institute_recruiters,5.3677E-4
teams_role,5.3677E-4
union_stalins_patronage,5.3677E-4
relationship_workers,5.3677E-4
lead_hires,5.3677E-4
revolution_men,5.3677E-4
offer_education,5.3677E-4
relations_unions,5.3677E-4
discipline_birth_evolution_discipline,5.3677E-4
talent_knowledge,5.3677E-4
basis_studies,5.3677E-4
workers_abraham_maslow_kurt_lewin_max_weber_frederick_herzberg_david_mcclelland,5.3677E-4
success_organization,5.3677E-4
states_department_labor,5.3677E-4
training_hires,5.3677E-4
strip_dilbert,5.3677E-4
hr_function_practitioners,5.3677E-4
path_individuals_advisers_companies,5.3677E-4
representation_manyquantify_companies,5.3677E-4
resources_teams_function,5.3677E-4
century_researchers,5.3677E-4
tax_form_addition_processing_paperwork_file,5.3677E-4
manner_employees_ability_access,5.3677E-4
laws_buettner_hrm_covers_core_areas_design_analysis_workforce,5.3677E-4
employees_startup_companies,5.3677E-4
issues_hr,5.3677E-4
location_examples,5.3677E-4
number_activities,5.3677E-4
chat_rooms,5.3677E-4
train_employees,5.3677E-4
usa_phrase,5.3677E-4
resource_management_hrm,5.3677E-4
frederick_winslow_taylor_taylor,5.3677E-4
resource_management_core_functions_staffing,5.3677E-4
coworkers_policies_government_regulations,5.3677E-4
resources_hr,5.3677E-4
resource_management_aspiration_management,5.3677E-4
labor_relations_board_priorities,5.3677E-4
merger_acquisition_process_hr,5.3677E-4
hr_fields_school,5.3677E-4
employees_motivation_key,5.3677E-4
talent_training_development_professionals,5.3677E-4
american_society_training_development_recognition_professionals,5.3677E-4
institute_personnel_development_cipd,5.3677E-4
associations_publications_references,5.3677E-4
cost_increases_risk_newcomer,5.3677E-4
redundancy_training_training_costs_skype,5.3677E-4
leadership_culture_hr,5.3677E-4
process_training,5.3677E-4
manner_hr_professionals_dig_files_gain,5.3677E-4
range_knowledge_responsibilities,5.3677E-4
organization_processes,5.3677E-4
resources_professionals_train_staff_members,5.3677E-4
hr_associations,5.3677E-4
context,4.779E-4
orientation_programs,4.779E-4
clarity_selfefficacy,4.779E-4
selfefficacy_social_acceptance,4.779E-4
mentorship,4.779E-4
decrease,4.779E-4
greater,4.779E-4
incoming,4.779E-4
experienced,4.779E-4
selfefficacy_social,4.779E-4
goals,4.779E-4
institutionalized,4.779E-4
orientations,4.779E-4
role_clarity_selfefficacy,4.779E-4
jones,4.779E-4
strong,4.779E-4
quit,4.779E-4
organizational_role,4.779E-4
socialization_refers,4.779E-4
criticism,4.779E-4
negative,3.5842E-4
sense,3.5842E-4
criticisms,3.5842E-4
linked,3.5842E-4
informal_socialization,3.5842E-4
valuable,3.5842E-4
computerbased_orientation,3.5842E-4
length,3.5842E-4
supervisor,3.5842E-4
satisfaction_organizational,3.5842E-4
effective_onboarding,3.5842E-4
serial,3.5842E-4
separate,3.5842E-4
acceptance_knowledge_organizational_culture,3.5842E-4
social_acceptance_knowledge,3.5842E-4
schein,3.5842E-4
actions,3.5842E-4
computerbased,3.5842E-4
previous,3.5842E-4
recommendations,3.5842E-4
intent,3.5842E-4
socialization_efforts,3.5842E-4
role_clarity_selfefficacy_social,3.5842E-4
apprenticeship,3.5842E-4
sessions,3.5842E-4
onboarding_program,3.5842E-4
van_maanen,3.5842E-4
satisfaction_performance,3.5842E-4
dimension,3.5842E-4
organizational_social,3.5842E-4
passage,3.5842E-4
clarity_selfefficacy_social_acceptance,3.5842E-4
turnover_rates,3.5842E-4
recruitment_events,3.5842E-4
acceptance_knowledge,3.5842E-4
introduce,3.5842E-4
clarity_selfefficacy_social,3.5842E-4
approaches,3.5842E-4
exhibit,3.5842E-4
formal_orientation_programs,3.5842E-4
satisfaction_organizational_commitment,3.5842E-4
acceptance_knowledge_organizational,3.5842E-4
maanen,3.5842E-4
socialization_processes,3.5842E-4
decreased,3.5842E-4
exact,3.5842E-4
role_model,3.5842E-4
social_acceptance_knowledge_organizational,3.5842E-4
peers,3.5842E-4
advantage,3.5842E-4
feedback_seeking,3.5842E-4
individualized,3.5842E-4
superiors,3.5842E-4
parts,3.5842E-4
selfefficacy_social_acceptance_knowledge,3.5842E-4
characteristics_behaviors,2.3895E-4
employees_effort,2.3895E-4
orientation_sessions,2.3895E-4
coworkers_superiors,2.3895E-4
random_socialization,2.3895E-4
employees_social,2.3895E-4
serial_socialization,2.3895E-4
curiosity,2.3895E-4
low_power,2.3895E-4
characterize,2.3895E-4
reduction,2.3895E-4
race,2.3895E-4
organization_socialization,2.3895E-4
supervisors,2.3895E-4
onboarding_program_produce,2.3895E-4
experiences_adjust,2.3895E-4
realistic_preview,2.3895E-4
clarity_role_clarity,2.3895E-4
acquire,2.3895E-4
variable_socialization,2.3895E-4
divestiture_socialization,2.3895E-4
finally,2.3895E-4
buddies,2.3895E-4
learn_roles,2.3895E-4
undergo,2.3895E-4
success_onboarding,2.3895E-4
fit_organization,2.3895E-4
limits_criticisms_onboarding,2.3895E-4
maanen_schein,2.3895E-4
role_models,2.3895E-4
realistic,2.3895E-4
empirical,2.3895E-4
experience_levels,2.3895E-4
newcomer_adapt,2.3895E-4
misfit,2.3895E-4
jones_model,2.3895E-4
attend,2.3895E-4
variable,2.3895E-4
employees_learn,2.3895E-4
figure,2.3895E-4
active_role,2.3895E-4
organizational_commitment_perform,2.3895E-4
socialization_activities,2.3895E-4
limits_criticisms_onboarding_theory,2.3895E-4
intent_quit,2.3895E-4
tend_frame,2.3895E-4
veteran,2.3895E-4
occurs,2.3895E-4
relationships_coworkers,2.3895E-4
roles_responsibilities,2.3895E-4
extent,2.3895E-4
investiture,2.3895E-4
norms_expectations,2.3895E-4
onboarding_executive,2.3895E-4
positively,2.3895E-4
empirical_evidence,2.3895E-4
socialization_collective,2.3895E-4
military,2.3895E-4
commitment_perform,2.3895E-4
institutionalized_socialization,2.3895E-4
onboarding_program_produce_employees,2.3895E-4
attitudinal,2.3895E-4
onthejob_training,2.3895E-4
van_maanen_schein,2.3895E-4
criticisms_onboarding,2.3895E-4
performance_satisfaction,2.3895E-4
lectures,2.3895E-4
mentoring,2.3895E-4
onboarding_success,2.3895E-4
role_clarity_role_clarity,2.3895E-4
newcomers_manage,2.3895E-4
existing,2.3895E-4
demonstrated_socialization,2.3895E-4
mobile,2.3895E-4
similarity,2.3895E-4
affirms,2.3895E-4
boundary,2.3895E-4
recommendations_practitioners,2.3895E-4
organization_socialization_efforts,2.3895E-4
commitment_organization,2.3895E-4
disjunctive_socialization,2.3895E-4
program_produce_employees,2.3895E-4
onthejob,2.3895E-4
formal_orientations,2.3895E-4
organizations_differ,2.3895E-4
correlated,2.3895E-4
newcomers_mentors,2.3895E-4
individual_newcomer,2.3895E-4
literature,2.3895E-4
connection,2.3895E-4
situations,2.3895E-4
effectively,2.3895E-4
employees_feel,2.3895E-4
police,2.3895E-4
characteristics_behaviors_organization,2.3895E-4
divestiture,2.3895E-4
organization_individuals,2.3895E-4
surroundings,2.3895E-4
techniques,2.3895E-4
antecedents,2.3895E-4
random,2.3895E-4
role_clarity_role,2.3895E-4
drive,2.3895E-4
criticisms_onboarding_theory,2.3895E-4
feels,2.3895E-4
organizational_efforts,2.3895E-4
uncertainty,2.3895E-4
behaviors_organization,2.3895E-4
power_distance,2.3895E-4
behaviors_seeking,2.3895E-4
feeling,2.3895E-4
remain,2.3895E-4
incoming_employees,2.3895E-4
onboarding_theory,2.3895E-4
difficult,2.3895E-4
limits_criticisms,2.3895E-4
computerbased_orientations,2.3895E-4
behave,2.3895E-4
preview,2.3895E-4
organizational_members,2.3895E-4
ambiguity,2.3895E-4
success_employees,2.3895E-4
satisfied,2.3895E-4
experienced_members,2.3895E-4
political,2.3895E-4
major,2.3895E-4
produce_employees,2.3895E-4
refers_degree,2.3895E-4
kinds,2.3895E-4
individualized_socialization,2.3895E-4
timetable,2.3895E-4
process_include,2.3895E-4
acquire_knowledge,2.3895E-4
antecedents_success,2.3895E-4
dimensions,2.3895E-4
distance,2.3895E-4
members_organization,2.3895E-4
outcomes_organization,2.3895E-4
organizations_demonstrated,2.3895E-4
identify,2.3895E-4
low_power_distance,2.3895E-4
apprenticeship_programs,2.3895E-4
accelerate,2.3895E-4
boundary_passage,2.3895E-4
fuzzy,2.3895E-4
sequential,2.3895E-4
values_goals,2.3895E-4
selfassertiveness,2.3895E-4
fulfill,2.3895E-4
monitor,2.3895E-4
newcomers_organization,2.3895E-4
clarity_role,2.3895E-4
employees_complete,2.3895E-4
successful_role,2.3895E-4
promoted,2.3895E-4
adjust_organization,2.3895E-4
organizational_socialization,2.3895E-4
program_produce,2.3895E-4
disjunctive,2.3895E-4
essential,2.3895E-4
higher_levels,2.3895E-4
