data,0.40480854
model,0.34250094
class,0.26080004
learning,0.24800876
red,0.22818627000000002
met,0.20577912
plays,0.1916677
displaystyle,0.19010738
classification,0.18399036000000002
cluster,0.17655749
mining,0.16638789999999998
set,0.15365888000000003
analysis,0.1454709
models,0.1340173
text,0.13117824
form,0.12976639999999998
algorithm,0.1235849
method,0.10532796
machine,0.10450983999999999
process,0.08832382
data_mining,0.08723623999999999
statistics,0.08637084999999999
clustering,0.08478217
distribution,0.08140264
function,0.08035874
machine_learning,0.07147574
supervised,0.06880029
documents,0.06742422
analytic,0.062089820000000004
algorithms,0.06143501999999999
supervised_learning,0.06122917
based,0.061083330000000005
science,0.06100979000000001
retrieval,0.05949257000000001
precision,0.05765327
training,0.05699958
network,0.055936799999999995
statistical_model,0.05541897
analytics,0.052336610000000006
object,0.051000010000000005
general,0.050960559999999995
dimension,0.0506499
text_mining,0.049221839999999996
number,0.04744051
probability,0.04665891999999999
variables,0.04605196
approach,0.04560061
regression,0.04460354
relevant,0.04416171
learning_algorithm,0.043548899999999995
pattern,0.04325808
main,0.04194122
organization,0.041873179999999996
moments,0.0405774
structure,0.04029377
unsupervised,0.0395827
software,0.039032069999999995
clusters,0.03878337
technique,0.03854322
knowledge,0.03809734000000001
recall,0.03701844
unsupervised_learning,0.03694634
article,0.03609309
common,0.03571766
techniques,0.03468511
networks,0.03445347
theory,0.03444265
neural,0.03415429
hypothesis,0.03412512
distributions,0.034066559999999996
decision,0.033906599999999995
involve,0.033843059999999994
input,0.03362546
computer,0.03359433
data_set,0.033087359999999996
parameters,0.031807470000000004
disambiguation,0.03096682
neural_network,0.03075017
conference,0.03032288
relationship,0.029541439999999995
systems,0.02929058
examples,0.028822379999999998
objects,0.028337779999999996
recognition,0.026869489999999996
task,0.026264970000000006
defined,0.026258310000000003
main_article,0.02623702
concept,0.02611499
predictive_analytics,0.02504491
classification_classification,0.02487562
output,0.02459095
organizations,0.02416978
risk,0.02389504
language,0.023875359999999998
method_moments,0.02372347
applied,0.02353388
neural_networks,0.02326017
features,0.023227920000000003
modeling,0.02164195
learning_algorithms,0.02144799
library,0.021219009999999996
specific,0.02075324
prediction,0.020555920000000002
inference,0.02007778
typical,0.02001043
observed,0.01988708
level,0.01971796
categorization,0.019696319999999996
management,0.01967049
probability_distribution,0.019500100000000003
approaches,0.019403200000000002
statistical_models,0.01921746
logical,0.01887594
subject,0.018314330000000004
training_set,0.01822391
artificial,0.01799182
basis,0.01737464
natural,0.01718715
data_analysis,0.01705647
latent_variable_models,0.01685393
idea,0.016834670000000003
categories,0.01671489
cluster_analysis,0.01665713
references,0.01658886
properties,0.01582865
rule,0.0158271
human,0.015619499999999998
similarity,0.015604160000000002
society,0.015513800000000003
mining_software,0.01542918
belong,0.014461920000000001
developed,0.014174530000000001
represented,0.01383115
training_data,0.01372568
text_analytics,0.013370179999999999
pattern_recognition,0.01336221
basic,0.01311412
classes,0.0130673
tasks,0.01303671
future,0.01288486
members,0.012736630000000002
purpose,0.01270207
higher,0.012477829999999999
access,0.012075140000000002
involves,0.01192197
precision_recall,0.01151406
data_sets,0.01150582
individual,0.01147781
studies,0.011472280000000001
kind,0.01118965
programming,0.011149670000000002
meaning,0.011115360000000001
tend,0.01099155
support_vector_machines,0.01096547
computer_science,0.010834820000000002
decision_tree,0.01075087
minimization,0.01060972
hierarchical,0.01058831
labeled,0.01050886
signal,0.0104957
expectationmaximization,0.01024268
entity,0.01013972
risk_minimization,0.00999167
provided,0.00999086
recognized,0.009975050000000001
property,0.00981092
probability_distributions,0.00980009
expectationmaximization_algorithm,0.00978875
parameters_model,0.00976571
major,0.00973195
groups,0.00936737
data_point,0.00935109
fields,0.0092854
making,0.00924103
training_examples,0.00920786
conditions,0.009184560000000001
biological,0.009089920000000001
belongs,0.00850299
assumed,0.00849558
proposed,0.00846681
data_points,0.00827139
establish,0.00821897
development,0.00817682
item,0.007874160000000002
external,0.00783514
taxonomy,0.00783182
privacy,0.00782887
classical,0.00782704
similarities,0.0077294700000000004
artificial_neural,0.007630039999999999
artificial_neural_network,0.007630039999999999
category,0.00762194
text_analysis,0.00754245
referred,0.007499950000000001
function_displaystyle,0.00749376
lower,0.00745485
symbol,0.00738717
data_mining_software,0.00738462
accurate,0.00737169
learning_method,0.00734991
dimension_model,0.00733945
variation,0.00725869
generating,0.00724644
set_displaystyle,0.00718325
generated,0.00717982
technology,0.00710947
ideas,0.006945270000000001
closely,0.00686898
text_data,0.00681113
species,0.0067811500000000005
displaystyle_displaystyle,0.00677648
explain,0.006543719999999999
viewed,0.00648165
clustering_algorithms,0.00635497
learning_data,0.00633845
output_values,0.00630649
modern,0.00628596
topic_modeling,0.00623603
discrete,0.00622143
text_mining_software,0.00619574
entities,0.0061875
component_analysis,0.00607191
categorical,0.00596322
informatics,0.0059381699999999996
descriptions,0.00586361
conceptual,0.00582833
regression_model,0.0058067200000000005
context,0.00577942
logic_program,0.00577702
experience,0.00575434
learner,0.00572543
interaction,0.00570351
text_data_mining,0.00569506
probability_theory,0.00562431
order_moments,0.00561798
learning_latent,0.00561798
cognitive,0.00558539
hypothesis_test,0.00557915
mining_data,0.00556966
number_clusters,0.00553255
portal,0.00550462
kinds,0.00547778
objects_recognized_differentiated_understood,0.005419370000000001
process_ideas,0.005419370000000001
society_knowledge,0.005419370000000001
objects_recognized,0.005419370000000001
biological_classification,0.005419370000000001
ideas_objects_recognized_differentiated,0.005419370000000001
understood,0.005419370000000001
categorization_process_ideas,0.005419370000000001
library_classification,0.005419370000000001
objects_recognized_differentiated,0.005419370000000001
recognized_differentiated,0.005419370000000001
differentiated,0.005419370000000001
categorization_process_ideas_objects,0.005419370000000001
process_ideas_objects,0.005419370000000001
process_ideas_objects_recognized,0.005419370000000001
society_knowledge_organization,0.005419370000000001
knowledge_organization,0.005419370000000001
categorization_process,0.005419370000000001
ideas_objects_recognized,0.005419370000000001
recognized_differentiated_understood,0.005419370000000001
library_science,0.005419370000000001
ideas_objects,0.005419370000000001
differentiated_understood,0.005419370000000001
decision_trees,0.00525659
links,0.00516372
logic_programming,0.00515897
displaystyle_operatorname,0.00507614
sufficient,0.0050682999999999995
bias_variance,0.00499584
code_numbers_business_organizations_economics_classification_customers_marketing_master_data_management_profitability,0.00497512
classification_collection_sets,0.00497512
classification_approach,0.00497512
basis_training_set_data,0.00497512
standards_construction_operation_ships,0.00497512
contents_mathematics_media_science_business_organizations_economics_organizations,0.00497512
set_categories_observation,0.00497512
classification_disambiguation_chemical_classification,0.00497512
society_knowledge_organization_class_disambiguation_data_classification_disambiguation,0.00497512
classification_organisms,0.00497512
classification_references_mathematics,0.00497512
activities_classification_analysis,0.00497512
classification_classification_species_cladistics_approach_similarities,0.00497512
classification_process,0.00497512
law_regulation_classes_motion_picture_rating_film_classification_classification_literature_figure_speech,0.00497512
structures_classification_locomotive_classification_classification_wine,0.00497512
property_members_classification_theorems_mathematics_attributevalue,0.00497512
noun_articles_science,0.00497512
diagnoses_procedures,0.00497512
library_materials_subject,0.00497512
materials_size_shape_density_classification_swords_organizations,0.00497512
knowledge_representation_framework_media_document_classification_problem_library_science_science_computer_science_library_classification,0.00497512
process_categorization_process_ideas_objects,0.00497512
classification_personnel_grades_government_classification_society,0.00497512
sample_data,0.00495337
association_rule,0.00493373
probit_model,0.00478011
labels,0.0047535699999999995
identified,0.00475318
external_links,0.004719480000000001
questions,0.00465882
applying,0.00460226
model_model,0.00451574
concepts,0.00450769
distribution_displaystyle,0.00450236
confidence_intervals,0.00438048
alternative_hypothesis,0.00438048
misuse_statistics,0.00438048
exclusive,0.0043693099999999995
programming_language,0.00431036
differences,0.00429947
retrieval_systems,0.00423012
vector_space_model,0.00423012
exploratory_data_analysis,0.00418436
patterns_data,0.0041756399999999996
variables_model,0.00411491
cluster_model,0.00408534
storage,0.00407571
data_mining_machine,0.004044600000000001
basis_functions,0.00396413
displaystyle_beta_beta,0.00388647
leading,0.00383336
logit_model,0.00382409
classifying,0.00377245
sample_population,0.00375469
arbitrary,0.0037317599999999998
age_error,0.00366972
subseteq_mathbb,0.00366972
model_set,0.00366972
distributions_displaystyle,0.00366972
distance_function,0.00364511
kmeans_clustering,0.00363141
grouping,0.0036023699999999997
content_mining,0.00357761
conceptual_clustering,0.0035636599999999997
fuzzy,0.0035405399999999996
customer_relationship_management,0.0035061299999999997
model_displaystyle,0.00350014
digitisation_project,0.00346291
computer_program,0.0034221900000000003
gerard_salton,0.00338409
probability_model,0.00333056
biasvariance_tradeoff,0.00333056
input_object,0.00333056
capture,0.00331827
learning_approaches,0.003287
attempts,0.0032568199999999997
distinguished,0.0032042900000000003
data_clustering,0.00318221
collection_data,0.0031728499999999996
decision_making,0.00312984
design_experiments,0.00312891
intellectual,0.00312063
text_collection,0.00307816
data_mining_data_mining,0.00307692
grouped,0.00307199
historical,0.0029743499999999997
aspects,0.00292924
regression_splines,0.00286807
acquisition,0.00285096
identical,0.00283461
learning_parameters,0.00280899
map_som,0.00280899
resonance_theory_art,0.00280899
account_action_potentials,0.00280899
key_features_data_approaches,0.00280899
document_topic_modeling_document,0.00280899
learning_method_moments,0.00280899
data_examples_learner,0.00280899
moments_moments,0.00280899
models_machine,0.00280899
vector_order_moment_vector_order_moment_covariance_matrix,0.00280899
vigilance_parameter_art_networks_pattern_recognition_tasks,0.00280899
target_recognition,0.00280899
networks_method_moments_notes_reading,0.00280899
tensors_generalization_matrices,0.00280899
method_moments_method_moments,0.00280899
models_addition,0.00280899
variables_set,0.00280899
problem_density_estimation_statistics,0.00280899
detection_expectationmaximization_algorithm_generative,0.00280899
networks_hebbian,0.00280899
decomposition_contents,0.00280899
parameters_model_moments,0.00280899
matrix_factorization,0.00280899
algorithms_som,0.00280899
parameters_topic_document,0.00280899
locations_map,0.00280899
models_expectationmaximization_algorithm_em_method_moments,0.00280899
donald_hebbs_principle_neurons_wire_hebbian,0.00280899
problem_size_user_control_degree_similarity_members_clusters,0.00280899
potential_solution,0.00280899
method_moments_convergence,0.00280899
plasticity_stdp_hebbian,0.00280899
inputs_properties_art_model_number_clusters,0.00280899
moments_order_moments,0.00280899
conditions_cluster_analysis,0.00280899
signal_separation_techniques_principal_component_analysis,0.00280899
clustering_kmeans_mixture_models,0.00280899
functions_pattern_recognition,0.00280899
carpenter_grossberg_method_moments,0.00280899
signal_processing_version_art_art,0.00280899
function_coincidence_action_potentials_neurons_version,0.00280899
network_models,0.00280899
method_moments_tensor_decomposition_techniques,0.00280899
error_reward_signal,0.00280899
models_assumptions_expectationmaximization_algorithm_em,0.00280899
variables_document,0.00280899
arrays_method_moments,0.00280899
indexing_retrieval,0.00280812
portal_icon,0.00275232
icon,0.00275232
distribution_models,0.0027427099999999998
inherent,0.00273304
clustering_object,0.00272356
model_dimension,0.00268088
model_models,0.00268088
test_set,0.00267879
intellectual_property,0.00267639
models_displaystyle,0.0026675
prototype,0.00266548
extracting,0.00265371
role,0.00264003
