data,0.01950059
se,0.01339675
mining,0.0097503
pro,0.0084027
data_mining,0.0084027
rs,0.00523187
jmp,0.00380499
led,0.00309156
software,0.00309156
conference,0.00277447
learn,0.00277447
roc,0.00261593
mac,0.00245739
process,0.00237812
language,0.00229885
cover,0.00229885
ai,0.00221958
learning,0.00221958
machine,0.00182323
set,0.00182323
analysis,0.00182323
analytic,0.00174396
analytics,0.00166468
pattern,0.00166468
machine_learning,0.00158541
patterns,0.00158541
sas,0.00158541
knowledge,0.00158541
app,0.00150614
database,0.00150614
tool,0.00142687
form,0.0013476
discovery,0.0013476
sig,0.00126833
term,0.00118906
graph,0.00118906
program,0.00118906
version,0.00118906
mining_software,0.00118906
knowledge_discovery,0.00118906
provide,0.00118906
data_set,0.00118906
kdd,0.00118906
europe,0.00118906
model,0.00110979
statistica,0.00110979
user,0.00110979
method,0.00110979
support,0.00110979
processing,0.00110979
miner,0.00103052
national,0.00103052
unit,0.00103052
statistical,0.00103052
source,0.00103052
predict,0.00103052
tools,9.5125E-4
data_mining_software,9.5125E-4
algorithm,9.5125E-4
privacy,9.5125E-4
law,9.5125E-4
provided,8.7198E-4
jsl,8.7198E-4
copyright,8.7198E-4
individual,8.7198E-4
programming,8.7198E-4
large,8.7198E-4
text,7.9271E-4
international,7.9271E-4
standard,7.9271E-4
mb,7.9271E-4
predictive,7.9271E-4
methods,7.9271E-4
visual,7.9271E-4
rate,7.9271E-4
business,7.9271E-4
net,7.9271E-4
project,7.9271E-4
structure,7.1344E-4
als,7.1344E-4
algorithms,7.1344E-4
international_conference,7.1344E-4
interface,7.1344E-4
programming_language,7.1344E-4
report,7.1344E-4
intelligence,7.1344E-4
market,6.3417E-4
class,6.3417E-4
users,6.3417E-4
bases,6.3417E-4
content,6.3417E-4
computing,6.3417E-4
situation,6.3417E-4
discovery_data,6.3417E-4
data_miner,6.3417E-4
knowledge_discovery_data,6.3417E-4
works,6.3417E-4
predictive_analytics,6.3417E-4
written,6.3417E-4
step,6.3417E-4
task,6.3417E-4
library,6.3417E-4
extract,6.3417E-4
refer,6.3417E-4
applied,5.5489E-4
scripting_language,5.5489E-4
data_sets,5.5489E-4
test,5.5489E-4
data_mining_knowledge,5.5489E-4
conference_data,5.5489E-4
preprocessing,5.5489E-4
sets,5.5489E-4
individuals,5.5489E-4
computer,5.5489E-4
data_mining_tool,5.5489E-4
data_mining_knowledge_discovery,5.5489E-4
engine,5.5489E-4
mining_knowledge,5.5489E-4
databases,5.5489E-4
data_mining_algorithm,5.5489E-4
scripting,5.5489E-4
opennn,5.5489E-4
mining_tool,5.5489E-4
mining_knowledge_discovery,5.5489E-4
mining_algorithm,5.5489E-4
european,5.5489E-4
cluster,4.7562E-4
graphics,4.7562E-4
rule,4.7562E-4
data_analysis,4.7562E-4
management,4.7562E-4
crispdm,4.7562E-4
united,4.7562E-4
require,4.7562E-4
terms,4.7562E-4
mining_software_provided,4.7562E-4
jmp_jmp,4.7562E-4
data_mining_software_provided,4.7562E-4
visualization,4.7562E-4
artificial,4.7562E-4
purpose,4.7562E-4
survey,4.7562E-4
artificial_intelligence,4.7562E-4
sigkdd,4.7562E-4
conference_data_mining,4.7562E-4
general,4.7562E-4
lua,4.7562E-4
science,4.7562E-4
original,4.7562E-4
omics,4.7562E-4
states,4.7562E-4
neural,4.7562E-4
package,4.7562E-4
java,4.7562E-4
code,4.7562E-4
software_provided,4.7562E-4
neural_net,4.7562E-4
united_states,4.7562E-4
developed,4.7562E-4
learned_patterns,3.9635E-4
researchers,3.9635E-4
based,3.9635E-4
access,3.9635E-4
mining_tools,3.9635E-4
copyright_law,3.9635E-4
journal,3.9635E-4
engineering,3.9635E-4
networks,3.9635E-4
mining_data,3.9635E-4
field,3.9635E-4
data_mining_tools,3.9635E-4
collection,3.9635E-4
common,3.9635E-4
genomics,3.9635E-4
international_conference_data,3.9635E-4
acm,3.9635E-4
called,3.9635E-4
data_miners,3.9635E-4
miners,3.9635E-4
produce,3.9635E-4
design,3.9635E-4
data_mining_algorithms,3.9635E-4
clinical,3.9635E-4
include,3.9635E-4
statistics,3.9635E-4
started,3.9635E-4
function,3.9635E-4
framework,3.9635E-4
link,3.9635E-4
learned,3.9635E-4
valid,3.9635E-4
mining_algorithms,3.9635E-4
extraction,3.9635E-4
rated,3.9635E-4
practice,3.9635E-4
license,3.9635E-4
models,3.9635E-4
neural_networks,3.9635E-4
surveys,3.9635E-4
decision,3.9635E-4
identify,3.9635E-4
graphical,3.9635E-4
notable,3.9635E-4
introduced,3.9635E-4
standards,3.9635E-4
user_interface,3.9635E-4
experiments,3.9635E-4
advanced,3.9635E-4
analyzing,3.9635E-4
occur,3.1708E-4
advanced_analytics,3.1708E-4
fit,3.1708E-4
environment,3.1708E-4
situation_united_states,3.1708E-4
analytics_data,3.1708E-4
api,3.1708E-4
term_data_mining,3.1708E-4
jmp_clinical,3.1708E-4
fair,3.1708E-4
groups,3.1708E-4
macintosh,3.1708E-4
hipaa,3.1708E-4
interpret,3.1708E-4
source_data,3.1708E-4
mining_process,3.1708E-4
data_mining_data,3.1708E-4
preprocessing_data,3.1708E-4
association,3.1708E-4
data_data,3.1708E-4
direct,3.1708E-4
ability,3.1708E-4
situation_europe,3.1708E-4
jmp_scripting,3.1708E-4
term_data,3.1708E-4
statistical_computing,3.1708E-4
classification,3.1708E-4
series,3.1708E-4
discovery_databases,3.1708E-4
data_mining_data_mining,3.1708E-4
hypothesis,3.1708E-4
detection,3.1708E-4
history,3.1708E-4
ibm,3.1708E-4
free,3.1708E-4
references,3.1708E-4
tasks,3.1708E-4
suite,3.1708E-4
content_mining,3.1708E-4
format,3.1708E-4
emails,3.1708E-4
concerns,3.1708E-4
kdd_conference,3.1708E-4
techniques,3.1708E-4
purposes,3.1708E-4
platform,3.1708E-4
international_conference_data_mining,3.1708E-4
increase,3.1708E-4
actual,3.1708E-4
originally,3.1708E-4
jmp_scripting_language,3.1708E-4
preprocessing_data_mining,3.1708E-4
legal,3.1708E-4
statistician,3.1708E-4
perform,3.1708E-4
privacy_concerns,3.1708E-4
gnu,3.1708E-4
integrate,3.1708E-4
software_package,3.1708E-4
identification,3.1708E-4
play,3.1708E-4
mining_data_mining,3.1708E-4
python,3.1708E-4
links,3.1708E-4
preparation,3.1708E-4
patterns_data,3.1708E-4
main,3.1708E-4
trained,3.1708E-4
released,3.1708E-4
jmp_genomics,3.1708E-4
involves,3.1708E-4
situation_united,3.1708E-4
exception,3.1708E-4
change,3.1708E-4
data_mining_process,3.1708E-4
transform,3.1708E-4
knowledge_discovery_databases,3.1708E-4
book,2.3781E-4
graphical_user,2.3781E-4
external_links,2.3781E-4
specific,2.3781E-4
popular,2.3781E-4
learning_software,2.3781E-4
data_mining_predictive,2.3781E-4
proprietary,2.3781E-4
article,2.3781E-4
integrated,2.3781E-4
mined,2.3781E-4
cross,2.3781E-4
ieee,2.3781E-4
explorations,2.3781E-4
graphical_user_interface,2.3781E-4
scripting_language_jsl,2.3781E-4
data_aggregation,2.3781E-4
source_data_mining,2.3781E-4
consent,2.3781E-4
functions,2.3781E-4
natural,2.3781E-4
fruit,2.3781E-4
reports,2.3781E-4
software_environment,2.3781E-4
spss,2.3781E-4
modeling,2.3781E-4
institute,2.3781E-4
produced,2.3781E-4
uk,2.3781E-4
harm,2.3781E-4
dmin,2.3781E-4
intelligence_machine_learning,2.3781E-4
turn,2.3781E-4
test_set,2.3781E-4
discovery_data_mining,2.3781E-4
data_preparation,2.3781E-4
online,2.3781E-4
ethics,2.3781E-4
sigkdd_explorations,2.3781E-4
jmp_clinical_jmp,2.3781E-4
data_dredging,2.3781E-4
uncover,2.3781E-4
technology,2.3781E-4
language_software,2.3781E-4
larger,2.3781E-4
published,2.3781E-4
computer_science,2.3781E-4
data_management,2.3781E-4
records,2.3781E-4
operating,2.3781E-4
software_free,2.3781E-4
limit,2.3781E-4
jmp_scripting_language_jsl,2.3781E-4
rights,2.3781E-4
natural_language,2.3781E-4
jmp_pro,2.3781E-4
sample,2.3781E-4
artificial_intelligence_machine,2.3781E-4
integration,2.3781E-4
area,2.3781E-4
conference_acm,2.3781E-4
packages,2.3781E-4
desired,2.3781E-4
web,2.3781E-4
conference_knowledge,2.3781E-4
clustering,2.3781E-4
sas_code,2.3781E-4
automate,2.3781E-4
number,2.3781E-4
companies,2.3781E-4
learning_library,2.3781E-4
deep,2.3781E-4
missing,2.3781E-4
target,2.3781E-4
reviews_data,2.3781E-4
exist,2.3781E-4
conference_international,2.3781E-4
microsoft,2.3781E-4
evaluation,2.3781E-4
solution,2.3781E-4
increased,2.3781E-4
gate,2.3781E-4
conference_ieee,2.3781E-4
compiled,2.3781E-4
big_data,2.3781E-4
knowledge_discovery_data_mining,2.3781E-4
conference_international_conference,2.3781E-4
complexity,2.3781E-4
covers,2.3781E-4
goal,2.3781E-4
focus,2.3781E-4
machine_learning_software,2.3781E-4
sas_institute,2.3781E-4
community,2.3781E-4
attempt,2.3781E-4
control,2.3781E-4
artificial_intelligence_machine_learning,2.3781E-4
clinical_jmp_genomics,2.3781E-4
cluster_analysis,2.3781E-4
structures,2.3781E-4
predictive_analytics_data,2.3781E-4
contents,2.3781E-4
structured,2.3781E-4
conducted,2.3781E-4
scientific,2.3781E-4
validation,2.3781E-4
annual,2.3781E-4
security,2.3781E-4
explore,2.3781E-4
mining_step,2.3781E-4
requires,2.3781E-4
reviews,2.3781E-4
data_mining_step,2.3781E-4
primary,2.3781E-4
jmp_clinical_jmp_genomics,2.3781E-4
implements,2.3781E-4
data_analytics,2.3781E-4
products,2.3781E-4
supported,2.3781E-4
intelligence_machine,2.3781E-4
polls,2.3781E-4
reviews_data_mining,2.3781E-4
final,2.3781E-4
clinical_jmp,2.3781E-4
association_rule,2.3781E-4
large_data,2.3781E-4
jdm,2.3781E-4
data_collection,2.3781E-4
language_jsl,2.3781E-4
dredging,2.3781E-4
raw,2.3781E-4
named,2.3781E-4
display,2.3781E-4
execute,2.3781E-4
component,2.3781E-4
libraries,2.3781E-4
public,2.3781E-4
analyses,2.3781E-4
including,2.3781E-4
define,2.3781E-4
interesting,2.3781E-4
john,2.3781E-4
big,2.3781E-4
quality,2.3781E-4
aggregation,2.3781E-4
emails_trained,2.3781E-4
mining_predictive,2.3781E-4
external,2.3781E-4
language_software_environment_statistical,1.5854E-4
industry_standard_process_data,1.5854E-4
rules,1.5854E-4
trained_learned_patterns,1.5854E-4
mining_machine_learning,1.5854E-4
practical_machine_learning,1.5854E-4
process_preprocessing_data,1.5854E-4
error,1.5854E-4
stakeholder,1.5854E-4
forms,1.5854E-4
attempts,1.5854E-4
licenses,1.5854E-4
jmp_pro_jmp,1.5854E-4
intention,1.5854E-4
data_mining_tool_provided,1.5854E-4
started_international,1.5854E-4
reading_external_links,1.5854E-4
word,1.5854E-4
copyright_law_situation_europe,1.5854E-4
stalled,1.5854E-4
letter,1.5854E-4
surveys_data,1.5854E-4
dmg,1.5854E-4
systems,1.5854E-4
proper,1.5854E-4
free_opensource,1.5854E-4
law_situation,1.5854E-4
jsl_notable,1.5854E-4
ieee_international_conference,1.5854E-4
database_mining,1.5854E-4
cross_industry,1.5854E-4
collection_data,1.5854E-4
frequently,1.5854E-4
covers_machine,1.5854E-4
command,1.5854E-4
title,1.5854E-4
deep_learning,1.5854E-4
software_jmp,1.5854E-4
deep_learning_library,1.5854E-4
america,1.5854E-4
google,1.5854E-4
design_experiments,1.5854E-4
programming_language_software_environment,1.5854E-4
european_conference,1.5854E-4
learned_patterns_meet,1.5854E-4
regression,1.5854E-4
environment_statistical,1.5854E-4
jmp_jmp_pro_jmp,1.5854E-4
standard_process_data_mining,1.5854E-4
discovering,1.5854E-4
business_unit,1.5854E-4
mining_machine,1.5854E-4
needed,1.5854E-4
patterns_meet,1.5854E-4
principles,1.5854E-4
data_mining_machine,1.5854E-4
explore_data,1.5854E-4
learning_data_mining,1.5854E-4
data_fishing_data,1.5854E-4
natural_language_processing,1.5854E-4
servers,1.5854E-4
inadvertent,1.5854E-4
reach,1.5854E-4
result,1.5854E-4
opennn_neural,1.5854E-4
practical_machine,1.5854E-4
efforts,1.5854E-4
examples_data_mining,1.5854E-4
datamining,1.5854E-4
size,1.5854E-4
unstructured,1.5854E-4
relation,1.5854E-4
weka,1.5854E-4
rapidminer,1.5854E-4
users_write,1.5854E-4
instance,1.5854E-4
discovered,1.5854E-4
patterns_applied_test_set,1.5854E-4
fishing_data,1.5854E-4
facs,1.5854E-4
plots,1.5854E-4
involves_database,1.5854E-4
europe_situation,1.5854E-4
modeler_data_mining,1.5854E-4
patterns_applied,1.5854E-4
structures_data,1.5854E-4
graph_builder,1.5854E-4
opennn_neural_networks_library,1.5854E-4
situation_europe_situation,1.5854E-4
step_knowledge_discovery,1.5854E-4
final_step,1.5854E-4
leading,1.5854E-4
investigate,1.5854E-4
learning_algorithms,1.5854E-4
preprocessing_data_mining_validation,1.5854E-4
windows,1.5854E-4
builder,1.5854E-4
cell,1.5854E-4
mining_business,1.5854E-4
public_license,1.5854E-4
compiled_data,1.5854E-4
reading_external,1.5854E-4
wildtrack,1.5854E-4
predictive_analytics_tasks,1.5854E-4
classify,1.5854E-4
interface_introduced,1.5854E-4
introduced_jmp,1.5854E-4
process_data,1.5854E-4
tool_provided,1.5854E-4
mining_validation,1.5854E-4
process_data_mining,1.5854E-4
acm_conference,1.5854E-4
learned_patterns_applied_test,1.5854E-4
considerations,1.5854E-4
conferences,1.5854E-4
footprint,1.5854E-4
hp,1.5854E-4
standard_process,1.5854E-4
scientific_computing,1.5854E-4
conference_european_conference,1.5854E-4
patterns_applied_test,1.5854E-4
operate,1.5854E-4
code_jmp,1.5854E-4
angoss,1.5854E-4
applied_test_set,1.5854E-4
software_packages,1.5854E-4
software_proprietary,1.5854E-4
protection,1.5854E-4
level,1.5854E-4
uima,1.5854E-4
free_opensource_data,1.5854E-4
overfitting,1.5854E-4
collected,1.5854E-4
spatial,1.5854E-4
lion,1.5854E-4
analytics_data_mining,1.5854E-4
cross_industry_standard_process,1.5854E-4
jmp_jmp_pro,1.5854E-4
interpretation,1.5854E-4
graphical_frontend,1.5854E-4
occurred,1.5854E-4
development,1.5854E-4
evaluate,1.5854E-4
target_data_set,1.5854E-4
johns,1.5854E-4
gap,1.5854E-4
anomaly_detection,1.5854E-4
statistical_data,1.5854E-4
mining_machine_learning_software,1.5854E-4
process_preprocessing,1.5854E-4
steps,1.5854E-4
learned_patterns_meet_desired,1.5854E-4
meet_desired,1.5854E-4
creating,1.5854E-4
screen,1.5854E-4
commercial,1.5854E-4
marketplace_surveys,1.5854E-4
import,1.5854E-4
version_version,1.5854E-4
uncover_patterns,1.5854E-4
determine,1.5854E-4
step_knowledge_discovery_data,1.5854E-4
approach,1.5854E-4
methodology,1.5854E-4
memory,1.5854E-4
analytics_tasks,1.5854E-4
prediction,1.5854E-4
mining_standard,1.5854E-4
proprietary_datamining_software,1.5854E-4
jmp_graph,1.5854E-4
etymology,1.5854E-4
outlier,1.5854E-4
knime,1.5854E-4
organization,1.5854E-4
today,1.5854E-4
understanding,1.5854E-4
modeler_data,1.5854E-4
ipad,1.5854E-4
conference_ieee_international_conference,1.5854E-4
data_mining_machine_learning,1.5854E-4
educational,1.5854E-4
patterns_meet_desired_standards,1.5854E-4
acm_sig,1.5854E-4
data_science,1.5854E-4
sdm,1.5854E-4
graphical_user_interface_introduced,1.5854E-4
cross_industry_standard,1.5854E-4
future,1.5854E-4
expose,1.5854E-4
platform_data,1.5854E-4
aware,1.5854E-4
industry_standard,1.5854E-4
concerns_ethics,1.5854E-4
learning_data,1.5854E-4
data_mining_predictive_analytics,1.5854E-4
java_programming,1.5854E-4
hypotheses,1.5854E-4
association_rule_learning,1.5854E-4
write,1.5854E-4
produced_data,1.5854E-4
data_collection_data,1.5854E-4
raise,1.5854E-4
ibm_spss,1.5854E-4
gnu_project,1.5854E-4
opensource_data_mining_software,1.5854E-4
projects,1.5854E-4
machine_learning_algorithms,1.5854E-4
optimization,1.5854E-4
digitisation,1.5854E-4
als_data,1.5854E-4
government,1.5854E-4
features,1.5854E-4
laws,1.5854E-4
chemical,1.5854E-4
scale_data,1.5854E-4
symposium,1.5854E-4
language_processing,1.5854E-4
kdd_term,1.5854E-4
large_data_sets,1.5854E-4
software_environment_statistical_computing,1.5854E-4
storage,1.5854E-4
average,1.5854E-4
meet_desired_standards,1.5854E-4
examples_data,1.5854E-4
proprietary_datamining,1.5854E-4
oracle,1.5854E-4
issue,1.5854E-4
output,1.5854E-4
standard_process_data,1.5854E-4
representation,1.5854E-4
text_data,1.5854E-4
sas_code_jmp,1.5854E-4
limitation,1.5854E-4
enterprise,1.5854E-4
models_data,1.5854E-4
conference_machine_learning,1.5854E-4
data_records,1.5854E-4
terms_data,1.5854E-4
sources,1.5854E-4
software_environment_statistical,1.5854E-4
patterns_large_data_sets,1.5854E-4
understanding_data,1.5854E-4
enable,1.5854E-4
ieee_international_conference_data,1.5854E-4
europe_situation_united_states,1.5854E-4
reading,1.5854E-4
national_security,1.5854E-4
data_mining_business,1.5854E-4
miner_data,1.5854E-4
legislation,1.5854E-4
characteristics,1.5854E-4
jmp_sas,1.5854E-4
references_reading_external_links,1.5854E-4
jsl_jmp,1.5854E-4
launched,1.5854E-4
kdd_process,1.5854E-4
software_free_opensource,1.5854E-4
data_error,1.5854E-4
licences,1.5854E-4
mining_crispdm,1.5854E-4
pharmaceutical,1.5854E-4
improvements,1.5854E-4
step_knowledge,1.5854E-4
san,1.5854E-4
general_public_license,1.5854E-4
covers_machine_learning,1.5854E-4
free_opensource_data_mining,1.5854E-4
ieee_international,1.5854E-4
topic,1.5854E-4
mining_tool_provided,1.5854E-4
industry,1.5854E-4
patterns_large,1.5854E-4
mining_se,1.5854E-4
tree,1.5854E-4
data_mining_crispdm,1.5854E-4
data_processing,1.5854E-4
pro_jmp,1.5854E-4
desired_standards,1.5854E-4
process_preprocessing_data_mining,1.5854E-4
automated,1.5854E-4
jsl_jmp_scripting,1.5854E-4
environment_statistical_computing,1.5854E-4
genetic,1.5854E-4
mining_involves,1.5854E-4
europe_situation_united,1.5854E-4
decision_tree,1.5854E-4
opensource_data,1.5854E-4
miner_data_mining,1.5854E-4
statisticians,1.5854E-4
multiple,1.5854E-4
interdisciplinary,1.5854E-4
unusual,1.5854E-4
exploratory,1.5854E-4
data_fishing,1.5854E-4
training_set,1.5854E-4
digitisation_project,1.5854E-4
early,1.5854E-4
case,1.5854E-4
python_language,1.5854E-4
language_software_environment,1.5854E-4
networks_library,1.5854E-4
applied_test,1.5854E-4
conference_acm_conference,1.5854E-4
pro_jmp_clinical,1.5854E-4
johns_macintosh,1.5854E-4
practical,1.5854E-4
identified,1.5854E-4
modeler,1.5854E-4
withdrawn,1.5854E-4
week,1.5854E-4
industry_standard_process,1.5854E-4
data_mining_task,1.5854E-4
references_reading_external,1.5854E-4
business_intelligence,1.5854E-4
sigma,1.5854E-4
designed,1.5854E-4
law_situation_europe,1.5854E-4
smoothing,1.5854E-4
text_data_mining,1.5854E-4
press,1.5854E-4
general_public,1.5854E-4
examples,1.5854E-4
mining_task,1.5854E-4
data_mining_standard,1.5854E-4
data_mining_validation,1.5854E-4
rule_learning,1.5854E-4
mining_predictive_analytics,1.5854E-4
elements,1.5854E-4
situation_europe_situation_united,1.5854E-4
practices,1.5854E-4
kxen,1.5854E-4
discussion,1.5854E-4
data_visual,1.5854E-4
groups_data,1.5854E-4
conference_knowledge_discovery,1.5854E-4
surveys_data_miners,1.5854E-4
problem,1.5854E-4
agreement,1.5854E-4
plots_version,1.5854E-4
process_data_mining_crispdm,1.5854E-4
major,1.5854E-4
marketplace,1.5854E-4
jsl_jmp_scripting_language,1.5854E-4
machine_learning_data_mining,1.5854E-4
scale,1.5854E-4
provided_data,1.5854E-4
conference_ieee_international,1.5854E-4
team,1.5854E-4
patterns_meet_desired,1.5854E-4
infocom,1.5854E-4
required,1.5854E-4
focused,1.5854E-4
miner_data_mining_software,1.5854E-4
surveillance,1.5854E-4
predictive_analytics_data_mining,1.5854E-4
frontend,1.5854E-4
usama_fayyad,1.5854E-4
programming_language_software,1.5854E-4
disk,1.5854E-4
written_programming,1.5854E-4
references_reading,1.5854E-4
strengthen,1.5854E-4
fishing,1.5854E-4
anomaly,1.5854E-4
analysis_step,1.5854E-4
ethical,1.5854E-4
marketing,1.5854E-4
fayyad,1.5854E-4
anonymous,1.5854E-4
software_free_opensource_data,1.5854E-4
copyright_database,1.5854E-4
trained_learned,1.5854E-4
supermarket,1.5854E-4
datamining_software,1.5854E-4
larger_data,1.5854E-4
learned_patterns_applied,1.5854E-4
phases,1.5854E-4
mining_software_proprietary,1.5854E-4
usama,1.5854E-4
written_programming_language,1.5854E-4
software_tools,1.5854E-4
consists,1.5854E-4
pro_jmp_clinical_jmp,1.5854E-4
big_data_analytics,1.5854E-4
improved,1.5854E-4
data_extract,1.5854E-4
opensource,1.5854E-4
inference,1.5854E-4
target_data,1.5854E-4
lawful,1.5854E-4
data_collected,1.5854E-4
bot,1.5854E-4
advantage,1.5854E-4
wider,1.5854E-4
informed,1.5854E-4
laboratory,1.5854E-4
viewed,1.5854E-4
population,1.5854E-4
matlab,1.5854E-4
data_data_mining,1.5854E-4
trained_learned_patterns_applied,1.5854E-4
simulation,1.5854E-4
informed_consent,1.5854E-4
legitimate,1.5854E-4
jmp_software,1.5854E-4
focused_exploratory,1.5854E-4
spam,1.5854E-4
areas,1.5854E-4
active,1.5854E-4
jmp_pro_jmp_clinical,1.5854E-4
opensource_data_mining,1.5854E-4
conference_machine,1.5854E-4
data_sources,1.5854E-4
automatic,1.5854E-4
processes,1.5854E-4
version_jmp,1.5854E-4
semma,1.5854E-4
sdm_conference,1.5854E-4
decision_support,1.5854E-4
architecture,1.5854E-4
copyright_law_situation,1.5854E-4
qlucore,1.5854E-4
regulations,1.5854E-4
classification_task,1.5854E-4
java_programming_language,1.5854E-4
machine_learning_data,1.5854E-4
testing,1.5854E-4
analyze,1.5854E-4
increasing,1.5854E-4
user_interface_introduced,1.5854E-4
trial,1.5854E-4
training,1.5854E-4
neural_networks_library,1.5854E-4
behavior,1.5854E-4
opennn_neural_networks,1.5854E-4
transformative,1.5854E-4
users_investigate,1.5854E-4
bit,1.5854E-4
meet,1.5854E-4
patterns_large_data,1.5854E-4
software_data,1.5854E-4
privacy_concerns_ethics,1.5854E-4
incopyright,1.5854E-4
directive,1.5854E-4
conference_knowledge_discovery_data,1.5854E-4
conference_european,1.5854E-4
academic,1.5854E-4
extraction_patterns,1.5854E-4
siam,1.5854E-4
written_java,1.5854E-4
