ad,0.80834925
advertising,0.32032659
market,0.19392969
marketing,0.16092572000000002
era,0.14014413999999997
advertisement,0.1354017
advertisements,0.09678818
video,0.08911429
ads,0.06728734
form,0.06367609
rate,0.06004177
message,0.059693649999999994
viral,0.05800639
user,0.05567071999999999
led,0.054696249999999995
consumers,0.05184352
media,0.04813833
tv,0.045720920000000005
advertising_ad,0.04494
web,0.04437057
television,0.04429609
campaign,0.04377454
advertiser,0.04361988
content,0.041261360000000004
include,0.04042161
internet,0.04011198
number,0.039034559999999996
phone,0.03854225
cs,0.03846321
social,0.03793249
commerce,0.036988940000000005
network,0.03617195
cos,0.033557290000000004
communication,0.03296008
cost,0.03274299
brand,0.032142569999999995
products,0.03147465
term,0.03140472
channel,0.03075977
broad,0.03022195
ps,0.029764529999999997
customer,0.029485630000000002
play,0.02912026
shop,0.02907127
broadcast,0.0283922
object,0.02833186
messages,0.026738939999999996
place,0.02611371
companies,0.026098120000000002
reference,0.02506738
popular,0.02488491
public,0.02439382
advertisers,0.02389236
based,0.022976009999999998
users,0.02282503
model,0.02260028
needed,0.022130559999999997
sms,0.02157191
including,0.0213181
business,0.02121912
car,0.020536620000000002
minutes,0.02038231
video_commerce,0.020361769999999998
agencies,0.02032688
aspects,0.01949985
radio,0.01948751
promotion,0.019461179999999998
target,0.01933851
advertisements_ad,0.0186536
ease,0.018343619999999998
advertising_agencies,0.01799025
elements,0.01766434
bowl_ads,0.017608350000000002
potential,0.017415490000000002
long,0.01727455
channels,0.0170462
compass,0.0170161
website,0.01646091
sales,0.015636320000000002
types,0.01556922
meaning,0.015197200000000001
sell,0.01509891
examples,0.014897440000000001
original,0.0148784
fit,0.014781589999999999
customers,0.014774680000000002
marketer,0.01443768
process,0.014190679999999999
compass_model,0.01401059
codes,0.013855510000000001
objectives,0.01378066
idea,0.01376919
communications,0.01363719
programs,0.013247770000000002
references,0.013221140000000001
order,0.013203290000000001
national,0.013094810000000002
marketers,0.01302952
corporation,0.013014379999999999
contents,0.01288946
location,0.012801449999999999
organization,0.01247869
create,0.01213147
shopnbc,0.01204819
ecommerce,0.01204819
advertisements_advertisements,0.01202699
direct,0.012012430000000001
advertisement_ad,0.01197676
version,0.01192758
launch,0.0118539
political,0.0117813
symbiotic_marketing,0.01171748
symbiotic,0.01171748
form_ad,0.011695309999999999
commensal,0.01151631
cs_compass_model,0.011487710000000002
cs_compass,0.011487710000000002
marketing_marketing,0.01142625
metaadvertising_ad,0.01136364
advertising_include_ad,0.01136364
links,0.01125495
increasing,0.01117667
success,0.011175669999999999
practice,0.01110686
attention,0.010951099999999998
mail,0.0108896
industry,0.01086628
marketing_campaign,0.01081953
methods,0.010785320000000001
mobile_phone,0.010749320000000001
typical,0.01071534
shopping,0.01070043
buy,0.01066782
websites,0.01060769
phones,0.010585859999999999
comarketing,0.01056216
europe,0.0105508
price,0.01037947
latin,0.01037366
word,0.01032778
marketing_communication,0.01009293
environment,0.009848840000000001
billboards,0.00962688
point,0.00959949
provide,0.00949238
brands,0.00948717
mix,0.00939987
good,0.00939364
star,0.00932299
paid,0.009315080000000002
aim,0.00922918
television_advertisement,0.00913623
businesses,0.0091213
messaging,0.00904337
conversion,0.00899274
lines,0.00899078
strategy,0.00899038
purchase,0.0089755
mis,0.00897154
commodity,0.008964820000000002
benefit,0.00869581
set,0.00867536
relevant,0.00866755
objects,0.00851475
goal,0.008455220000000001
distribution,0.00828473
marketing_mix,0.008263530000000002
appeal,0.00815487
clickable_object,0.00803213
video_content,0.00803213
print,0.00801708
marketing_campaigns,0.007937679999999999
viral_advertising,0.007804219999999999
called,0.00779384
expand,0.00778055
advertiser_controlled_aspects,0.00775194
definition,0.00772855
viral_video,0.00768492
approach,0.00767591
relations,0.00762106
offer,0.00760358
international,0.00759239
pay,0.00758424
sold,0.007463870000000001
support,0.00736825
engine,0.00734455
shimizu,0.00724661
factors,0.007213450000000001
role,0.00696272
refers,0.006818159999999999
proximity,0.006737989999999999
corporate,0.00659538
events,0.00653371
countries,0.00646767
computer,0.00645431
creation,0.00636166
sources,0.0063367300000000005
developed,0.00629123
advertising_advertisement,0.00624472
list,0.00618344
study,0.00616386
nature,0.006162330000000001
cocreation,0.00616049
systems,0.00609007
demand,0.00602602
advertisement_advertisements,0.00601349
form_advertising_ad,0.00601349
special,0.005971069999999999
advertising_common,0.00596327
optimization,0.00593729
measurement,0.00593729
player,0.0059060399999999996
store,0.0058888099999999995
hybrid,0.005882989999999999
addition,0.00576846
marketing_commensal,0.00575816
target_market,0.005751900000000001
external,0.00571874
difficult,0.0057008
metaadvertising_include,0.00568182
ad_ad_form_advertising,0.00568182
billboards_billboard_pass_billboard_today,0.00568182
leads_companies_air_ads,0.00568182
attention_ad_examples,0.00568182
advertisement_advertisements_advertising_agencies_contents_advertisements_advertisements_advertising_advertising_agencies_references_advertisements_advertisements,0.00568182
advertising_advertisements_form,0.00568182
advertising_advertisements,0.00568182
bowl_advertising,0.00568182
advertisements_form_media_advertising_ad_medium,0.00568182
bowl_ads_form,0.00568182
bowl_ads_spots_cost,0.00568182
advertising_advertisers,0.00568182
advertisement_ad_agency,0.00568182
advertisers_advertising,0.00568182
hybrid_form_advertising_advertiser,0.00568182
coupon_advertising_advertising_agencies_term,0.00568182
viewers_watch_companies,0.00568182
radio_ad_sunday_paper,0.00568182
elements_ad,0.00565058
selling,0.0055433
features,0.00548825
design,0.0054385
economic,0.00536691
making,0.00535833
basic,0.0053195
marketing_communications,0.00531832
profit,0.0052714699999999995
flash,0.00525812
individuals,0.00521966
management,0.00517047
advertising_effectiveness,0.00516796
advertising_objectives,0.00516796
book,0.0051607
engine_optimization_seo,0.00497667
engine_optimization,0.00497667
seo,0.00497667
conversion_rate,0.00497667
optimization_seo,0.00497667
tv_advertisements,0.00497512
change,0.00495552
television_advertising,0.0049249
television_advertisements,0.0049249
growth,0.00485674
viral_campaign,0.00480307
delivered,0.00472939
character,0.004724
strategies,0.00470079
earn,0.00461313
focus,0.00452903
alternative,0.00446191
circumstances,0.00444227
quality,0.0043092600000000005
commercial_products,0.00429751
promote_sell,0.00429751
products_internet,0.00429751
transaction,0.00429751
shopping_network,0.00429751
period,0.004293460000000001
sponsorship,0.004292860000000001
space,0.0042419499999999995
framework,0.0042411
koichi_shimizu,0.0042411
koichi,0.0042411
advertising_message,0.00407625
wellknown,0.00407619
framework_comarketing,0.00403994
summer,0.00401606
links_web_transaction_process_goal,0.00401606
conversion_ecommerce_websites_term,0.00401606
content_higher,0.00401606
vcommerce,0.00401606
commerce_involve,0.00401606
web_transaction,0.00401606
shopper_customer,0.00401606
conversion_rate_vtr,0.00401606
adopted_industry,0.00401606
products_internet_video,0.00401606
object_video_flash_html_player_play_video_term_vcommerce_video_commerce_shopnbc,0.00401606
convert_shopper_customer,0.00401606
shopnbctv,0.00401606
industry_including_video,0.00401606
merchants_realize_benefit,0.00401606
commerce_shopnbc,0.00401606
launch_shopnbctv_strategy,0.00401606
commerce_ecommerce_video,0.00401606
goal_convert_shopper,0.00401606
objects_object,0.00401606
valuevision_vvtv_summer,0.00401606
valuevision,0.00401606
commerce_consortium_shopnbc,0.00401606
content_higher_conversion,0.00401606
commerce_involve_video,0.00401606
player_play,0.00401606
links_web,0.00401606
commerce_shopnbc_aka,0.00401606
promote_sell_support,0.00401606
commerce_web,0.00401606
html_player_play,0.00401606
products_tv_shopping_video_commerce_place,0.00401606
goal_convert,0.00401606
webcasts,0.00401606
vvtv_summer,0.00401606
video_commerce_consortium,0.00401606
video_streams,0.00401606
realize_benefit,0.00401606
commerce_ecommerce,0.00401606
consortium,0.00401606
shopnbc_aka_valuevision,0.00401606
launch_shopnbctv,0.00401606
flash_html_player,0.00401606
objects_objects_purchase,0.00401606
summer_launch_shopnbc,0.00401606
video_term_vcommerce,0.00401606
valuevision_vvtv_summer_launch_shopnbctv_strategy,0.00401606
streams,0.00401606
video_flash_html,0.00401606
shopnbctv_strategy,0.00401606
video_commerce_video_ecommerce_ecommerce_video_practice_video_content,0.00401606
aka_valuevision_vvtv,0.00401606
term_adopted_industry,0.00401606
common_measurement_merchants,0.00401606
live_archived_webcasts,0.00401606
customer_conversion_rate,0.00401606
aka_valuevision,0.00401606
measurement_merchants,0.00401606
web_video_content,0.00401606
commerce_consortium,0.00401606
streams_sold_products,0.00401606
video_clickable_links,0.00401606
video_content_promote,0.00401606
convert_shopper,0.00401606
valuevision_vvtv,0.00401606
clickable_links,0.00401606
html,0.00401606
summer_launch,0.00401606
shopper,0.00401606
clickable_objects_object,0.00401606
video_commerce_involve,0.00401606
video_flash,0.00401606
vtr,0.00401606
html_play,0.00401606
commerce_websites,0.00401606
commercial_products_internet,0.00401606
ecommerce_web,0.00401606
merchants,0.00401606
vvtv,0.00401606
clickable_links_web,0.00401606
seo_typical_video,0.00401606
played_streamed_video,0.00401606
shopper_customer_conversion,0.00401606
realize_benefit_engine,0.00401606
clickable_objects,0.00401606
customer_conversion,0.00401606
benefit_engine,0.00401606
common_measurement,0.00401606
merchants_realize,0.00401606
video_term,0.00401606
content_promote,0.00401606
video_content_higher,0.00401606
rate_vtr_common,0.00401606
archived_webcasts,0.00401606
vtr_common_measurement,0.00401606
benefit_engine_optimization,0.00401606
ecommerce_websites,0.00401606
flash_html_play,0.00401606
video_practice,0.00401606
sell_support,0.00401606
ecommerce_websites_term,0.00401606
measurement_merchants_realize,0.00401606
video_ecommerce,0.00401606
video_commerce_consortium_shopnbc_shopping_network,0.00401606
combined_leveraging_web,0.00401606
shopper_customer_conversion_rate_vtr,0.00401606
term_vcommerce,0.00401606
network_utilize,0.00401606
flash_html,0.00401606
shopping_network_utilize,0.00401606
links_web_transaction,0.00401606
vvtv_summer_launch,0.00401606
web_transaction_process,0.00401606
objects_purchase,0.00401606
html_player,0.00401606
products_tv,0.00401606
rate_vtr,0.00401606
clickable_object_video,0.00401606
communications_device_computer_laptop_pda,0.00401606
vtr_common,0.00401606
benefit_engine_optimization_seo,0.00401606
video_number,0.00401606
transaction_process,0.00401606
content_promote_sell,0.00401606
shopnbc_aka,0.00401606
plays,0.00399528
mass,0.00388493
video_campaign,0.00384246
marketing_marketing_corporation_corporation_corporation_country_country,0.00383877
commensal_marketing,0.00383877
producers,0.00374576
tool,0.00367972
buying,0.00365026
minutes_hour,0.00364842
behavior,0.00364591
understand,0.0036295100000000003
material,0.00361783
benefits,0.0035492099999999997
competition,0.0035328200000000003
address,0.0035173900000000004
public_relations,0.0034945899999999997
mouth,0.00348534
press,0.0033821600000000004
determining,0.00334805
japan,0.00333138
parties,0.00333138
classification,0.0033066
rise,0.00330304
goods,0.00328234
variables,0.0032677599999999998
template_message,0.003266
activities,0.00325293
convenient,0.0032510900000000003
included,0.0032371099999999996
implement,0.00320587
ensure,0.0031868799999999996
physical,0.00317807
needle,0.00316608
promotions,0.00315092
advertising_technique,0.00314688
internet_advertising,0.00314688
aware,0.0031319499999999997
performed,0.00311682
phone_number,0.0031008
reviews,0.00308301
buyer,0.0030666
item,0.0030516499999999995
creating,0.00303595
legal,0.00301513
shimizus,0.00300551
shimizus_cs,0.00300551
generally,0.00300116
delivery,0.00299508
tv_advertising,0.00298507
costs,0.0029760999999999998
limited,0.00297109
advertising_agency,0.00296519
complete,0.00293985
introduced,0.0029197000000000003
advertising_elements,0.00291565
public_announcements,0.00291565
market_mavens,0.00288184
mail_users,0.00288184
marketing_content,0.0028799999999999997
advertising_techniques,0.00286543
promote_products,0.00286543
attempts,0.00285521
marketing_references,0.00284876
expanded,0.00282397
education,0.00282042
proximity_systems,0.0027881
voice_mail,0.0027881
elements_advertising,0.00278515
supplier,0.00278515
properly,0.00278515
consuming,0.00278515
sales_promotion,0.0027748399999999998
numerous,0.00273552
external_links,0.00273368
directions,0.00272406
promotion_communication,0.00272406
explain,0.00272406
reason,0.0027039
cultural,0.00268346
flow,0.00268346
australia,0.0026738300000000003
motor,0.0026228099999999997
distribution_channel,0.00260317
commodity_cost,0.00260317
purchasing,0.00260317
cs_commodity,0.00260317
cs_commodity_cost,0.00260317
marketing_communications_input_feedback_neglect,0.00258398
marketing_advergaming,0.00258398
issue_journal,0.00258398
ads_banner_ads_sponsorship_hyperlinks_noncarrier_websites_examples_advertiser,0.00258398
advertising_properties,0.00258398
interaction_potential_consumers_suppliers_disadvantages,0.00258398
productservice_public_announcement_issue,0.00258398
content_appeals_consumerism,0.00258398
marketing_advertising_techniques_practitioners_step_shoes_approach_internet_consumers_vantage_point_cross_smith_advertiser,0.00258398
presentation_promotion_products_ideas,0.00258398
advertising_units_contents,0.00258398
advertising_potential_decrease_losses,0.00258398
advertising_online_offline,0.00258398
advertising_study_methods_types_outcomes_sound_user_advertiser,0.00258398
benefits_industries_creativity,0.00258398
interactive_advertising_elements,0.00258398
campaigns_advertising_thorson_advertisements,0.00258398
reality_advertising,0.00258398
tools_advert_presentations_organizations,0.00258398
aspects_user,0.00258398
advert_types_interact_users_motives_influence_outcomes_responses,0.00258398
potential_consumers_target_audiences_internet,0.00258398
aspects_aspects_internet_advertising_control_advertiser_variables,0.00258398
advertising_facets,0.00258398
advertising_consumers,0.00258398
internet_ad_server,0.00258398
methods_types_types,0.00258398
advertising_objectives_advantages,0.00258398
elements_advertising_effectiveness,0.00258398
consumers_control_internet_advertisers_roehm_haugtvedt,0.00258398
elements_ad_types_formats_features_consumers_control_structure,0.00258398
aspects_functions_internet_motives_mode,0.00258398
aspects_fact_number_researchers_practitioners,0.00258398
creativity_form_noise,0.00258398
factors_user,0.00258398
hurdles_advantages,0.00258398
objectives_advertising_sell_turn,0.00258398
target_markets,0.00258398
aspects_advertiser,0.00258398
action_consumers_producers,0.00258398
advertising_disadvantages,0.00258398
range_potential_objectives,0.00258398
aspects_references,0.00258398
advertising_editors_li_leckenby,0.00258398
relationships_consumers,0.00258398
media_journal,0.00258398
ways_understandings_sheds_light,0.00258398
capture_attention_buyers_markets_room,0.00258398
advertising_objectives_goals,0.00258398
significance_consumers_role,0.00258398
advertising_user,0.00258398
products_brands_public_announcements,0.00258398
messages_consumers_elements,0.00258398
concept,0.00256904
marked,0.00252289
directions_marked,0.00252289
directions_marked_compass,0.00252289
marked_compass,0.00252289
price_cost,0.00252289
evidence,0.00247385
depending,0.00247267
expected,0.00245407
references_external_links,0.00245223
references_external,0.00245223
weather,0.00245223
canal,0.00245223
promotion_marketing,0.00245223
author,0.0024224399999999997
producing,0.00240201
distribution_channels,0.00240201
social_cost,0.00240201
supply,0.00240201
carry,0.0023722300000000003
commercials,0.0023722300000000003
coverage,0.00234136
points,0.00234136
built,0.00234136
character_directions_marked_compass,0.00232172
character_directions,0.00232172
explained,0.00232172
formal,0.00232172
exhibit,0.00232172
explained_character_directions_marked,0.00232172
place_channel,0.00232172
marketing_management,0.00232172
marked_compass_model,0.00232172
directions_marked_compass_model,0.00232172
explained_character,0.00232172
model_price,0.00232172
explained_character_directions,0.00232172
character_directions_marked,0.00232172
needle_compass,0.00232172
marketing_channels,0.00232172
development,0.00229694
tangible,0.00225253
online_advertising,0.00225162
credit,0.0022274599999999997
trade,0.00222155
places,0.00222155
television_programs,0.00222127
phone_users,0.00214019
december,0.00213664
total,0.00213137
affect,0.00212701
monitor,0.0021255600000000003
target_marketing,0.0021224
word_mouth,0.0021224
marketing_activities,0.0021224
centric_version_alternative,0.00212056
exhibit_shimizus,0.00212056
addition_uncontrollable_external_environmental,0.00212056
economic_exhibit,0.00212056
shimizu_japan,0.00212056
cost_selling_cost,0.00212056
factors_encircling,0.00212056
model_formal_approach,0.00212056
approach_customerfocused_marketing,0.00212056
approach_customerfocused,0.00212056
encircling_companies,0.00212056
circumstances_needle_compass,0.00212056
model_formal,0.00212056
constare,0.00212056
producing_cost_selling_cost,0.00212056
environmental_factors_encircling,0.00212056
cost_social,0.00212056
external_environmental_factors,0.00212056
advertising_cocreation_marketing,0.00212056
compass_model_framework,0.00212056
courtesy_koichi_shimizu_japan,0.00212056
centric_version,0.00212056
marketing_elements,0.00212056
ps_supply_model,0.00212056
exhibit_shimizus_cs,0.00212056
commodusconvenient,0.00212056
encircling,0.00212056
cultural_economic_exhibit,0.00212056
needle_compass_circumstances,0.00212056
demandcustomer_centric_version,0.00212056
cs_model_demandcustomer_centric,0.00212056
citizens,0.00212056
compass_circumstances,0.00212056
supply_model_price,0.00212056
environment_weather_social,0.00212056
model_framework_comarketing,0.00212056
marketing_mix_cs_commodity,0.00212056
constare_sacrifices_producing_cost,0.00212056
price_place_promotion,0.00212056
model_demandcustomer,0.00212056
approach_customerfocused_marketing_mix,0.00212056
advertising_cocreation,0.00212056
ps_supply_model_price,0.00212056
ps_supply,0.00212056
compass_model_courtesy,0.00212056
weather_social_cultural_economic,0.00212056
model_formal_approach_customerfocused,0.00212056
social_cultural_economic,0.00212056
compass_model_cs,0.00212056
customerfocused,0.00212056
koichi_shimizu_japan,0.00212056
weather_social_cultural,0.00212056
circumstances_needle,0.00212056
cultural_economic_exhibit_shimizus,0.00212056
producing_cost,0.00212056
model_demandcustomer_centric,0.00212056
courtesy_koichi,0.00212056
companies_explained,0.00212056
model_demandcustomer_centric_version,0.00212056
cost_purchasing_cost,0.00212056
circumstances_addition,0.00212056
formal_approach,0.00212056
social_cultural_economic_exhibit,0.00212056
cost_selling_cost_purchasing,0.00212056
model_price_place_promotion,0.00212056
sacrifices_producing_cost,0.00212056
demandcustomer_centric_version_alternative,0.00212056
elements_cs,0.00212056
encircling_companies_explained_character,0.00212056
constare_sacrifices_producing,0.00212056
courtesy,0.00212056
compass_model_koichi,0.00212056
alternative_wellknown_ps_supply,0.00212056
uncontrollable_external_environmental_factors,0.00212056
encircling_companies_explained,0.00212056
producing_cost_selling,0.00212056
consumers_citizens,0.00212056
constare_sacrifices,0.00212056
circumstances_needle_compass_circumstances,0.00212056
environmental,0.00212056
demandcustomer,0.00212056
wellknown_ps_supply_model,0.00212056
factors_encircling_companies_explained,0.00212056
weather_social,0.00212056
environmental_factors,0.00212056
addition_uncontrollable,0.00212056
cs_compass_model_courtesy,0.00212056
model_cs_model,0.00212056
selling_cost_purchasing,0.00212056
compass_model_cs_model,0.00212056
sacrifices_producing,0.00212056
compass_model_courtesy_koichi,0.00212056
cocreation_marketing,0.00212056
purchasing_cost,0.00212056
formal_approach_customerfocused,0.00212056
meaning_marketing_communication,0.00212056
customerfocused_marketing_mix,0.00212056
alternative_wellknown,0.00212056
place_promotion,0.00212056
price_place,0.00212056
marketing_mix_cs,0.00212056
version_alternative_wellknown,0.00212056
model_koichi_shimizu,0.00212056
selling_cost_purchasing_cost,0.00212056
model_courtesy_koichi,0.00212056
alternative_wellknown_ps,0.00212056
uncontrollable,0.00212056
shimizus_cs_compass,0.00212056
circumstances_addition_uncontrollable,0.00212056
compass_circumstances_addition,0.00212056
exhibit_shimizus_cs_compass,0.00212056
customerfocused_marketing,0.00212056
compass_model_formal_approach,0.00212056
centric,0.00212056
commodity_price,0.00212056
demandcustomer_centric,0.00212056
version_alternative,0.00212056
needle_compass_circumstances_addition,0.00212056
companies_explained_character,0.00212056
version_alternative_wellknown_ps,0.00212056
economic_exhibit_shimizus_cs,0.00212056
national_international,0.00212056
cs_compass_model_koichi,0.00212056
model_courtesy_koichi_shimizu,0.00212056
mix_cs_commodity_cost,0.00212056
formal_approach_customerfocused_marketing,0.00212056
environment_weather,0.00212056
sacrifices_producing_cost_selling,0.00212056
centric_version_alternative_wellknown,0.00212056
purchasing_cost_social_cost,0.00212056
cost_social_cost,0.00212056
cost_purchasing_cost_social,0.00212056
model_koichi,0.00212056
cs_compass_model_framework,0.00212056
cs_compass_model_cs,0.00212056
model_price_place,0.00212056
mix_cs,0.00212056
cs_compass_model_formal,0.00212056
model_framework,0.00212056
wellknown_ps_supply,0.00212056
political_legal,0.00212056
social_cultural,0.00212056
customerfocused_marketing_mix_cs,0.00212056
cs_model_demandcustomer,0.00212056
external_environmental,0.00212056
uncontrollable_external,0.00212056
addition_uncontrollable_external,0.00212056
factors_encircling_companies,0.00212056
sacrifices,0.00212056
circumstances_addition_uncontrollable_external,0.00212056
compass_circumstances_addition_uncontrollable,0.00212056
courtesy_koichi_shimizu,0.00212056
compass_model_framework_comarketing,0.00212056
commodity_price_cost,0.00212056
elements_cs_compass,0.00212056
compass_model_formal,0.00212056
cultural_economic,0.00212056
political_legal_ethical,0.00212056
compass_model_koichi_shimizu,0.00212056
model_cs,0.00212056
environmental_factors_encircling_companies,0.00212056
wellknown_ps,0.00212056
supply_model,0.00212056
exhibit_shimizus_cs_compass_model_courtesy_koichi_shimizu_japan,0.00212056
selling_cost,0.00212056
environment_weather_social_cultural,0.00212056
purchasing_cost_social,0.00212056
ethical,0.00212056
legal_ethical,0.00212056
mix_cs_commodity,0.00212056
convenient_consumers,0.00212056
elements_cs_compass_model,0.00212056
shimizus_cs_compass_model,0.00212056
cs_model,0.00212056
companies_explained_character_directions,0.00212056
external_environmental_factors_encircling,0.00212056
economic_exhibit_shimizus,0.00212056
meaning_marketing,0.00212056
cost_selling,0.00212056
uncontrollable_external_environmental,0.00212056
cost_purchasing,0.00212056
model_courtesy,0.00212056
model_cs_model_demandcustomer,0.00212056
retail,0.00209577
centre,0.00205991
publicity,0.00205635
raw,0.0020405500000000003
responsible,0.0020104800000000003
multiple,0.00200614
subject,0.0019903300000000002
propose,0.00197107
word_project,0.00192123
media_profile,0.00192123
marketing_techniques,0.00192123
media_statistics,0.00192123
role_marketers,0.00192123
latin_constare_sacrifices,0.00191939
contents_commensal,0.00191939
marketing_cocreation_consumers,0.00191939
latin_commodusconvenient_consumers_citizens,0.00191939
copromotion_commensal,0.00191939
sales_ccircumstances_needle_compass_circumstances_addition,0.00191939
marketing_elements_cs_compass_model,0.00191939
commodity_price_cost_place_channel_promotion_communication_ccommodity,0.00191939
cost_cchannel,0.00191939
cs_compass_model_koichi_shimizu_framework,0.00191939
parties_instance_customers_order,0.00191939
cocreation_management_initiative_form,0.00191939
marketing_consumers,0.00191939
marketing_mix_cs_commodity_cost_channel_communication_cs_compass_model_cs_model_demandcustomer,0.00191939
marketing_communication_doesnt,0.00191939
marketing_marketing_practice_companies,0.00191939
canal_flow_commodity_marketing_channels_ccommunication,0.00191939
ps_supply_model_price_place_promotion_marketing_managementcitation,0.00191939
ethicalenvironment_weather,0.00191939
compass_modelcitation,0.00191939
links_commensal,0.00191939
terms,0.00189578
mccarthy,0.0018907799999999999
pricing,0.0018907799999999999
niche,0.00188988
sales_promotions,0.00188988
privacy_concerns,0.00185874
google_cloud,0.00185874
mobile_users,0.00185874
account,0.00184556
advertising_public,0.00181432
represent,0.00177953
financial,0.0017749
processes,0.00176528
picture,0.00175909
fed,0.00175909
replacement,0.0017436600000000002
scar,0.0017436600000000002
includes,0.00170888
tv_channels,0.00165837
firm,0.00164439
payment,0.0016131499999999998
theory,0.00160843
directly,0.00160843
companys,0.00157836
style,0.00157836
featuring,0.00149345
resources,0.00149345
jerome,0.0014884499999999999
jerome_mccarthy,0.0014884499999999999
essential,0.00146221
takes,0.00144786
performance,0.00144786
identity,0.00144323
provided,0.00144323
michael,0.00144323
existence,0.00144323
crucial,0.00144323
attract,0.00144323
manner,0.0014119900000000001
discuss,0.0014119900000000001
maximize,0.0014119900000000001
physical_evidence,0.00140817
advertising_form,0.0013772
convenience,0.0013675699999999998
proposed,0.0013675699999999998
competitor,0.00136294
customers_cost,0.00136294
ubiquitous,0.0013317
kind,0.0013317
ps_marketing,0.0013317
advertising_minutes,0.0013267
goods_ideas,0.00126104
exploit,0.00124669
online_ads,0.00124206
video_recorders,0.00122625
message_customers,0.00121082
core,0.0011961900000000002
compare,0.0011961900000000002
cable_television,0.00117603
cost_communication,0.0011664
principles,0.00116178
adjustment,0.00116178
factors_affect,0.00116178
phenomenon,0.00116178
steve,0.00116178
manager,0.00116178
ordinary,0.00116178
analogous,0.00116178
competitors,0.00116178
values,0.00114597
advertising_sales,0.00114597
versus,0.00113054
special_offer,0.00113054
dissemination,0.00113054
plays_role,0.00113054
geographical,0.00113054
demands,0.00113054
covers,0.00113054
happened,0.00113054
marketing_strategy,0.00113054
marketingcitation_needed,0.00113054
security,0.00113054
marketingcitation,0.00113054
advertising_brand,0.00112581
advertising_media,0.00112581
cinema,0.00109574
feel,0.00109574
employees,0.0010861199999999999
lauterborn,0.0010861199999999999
competing,0.00104553
models,0.00104553
workers,0.00104553
branding,0.00104553
execution,0.00104553
packaging,0.00101545
tv_broadcasters,9.9502E-4
tv_stations,9.9502E-4
channels_broadcast,9.9502E-4
advertising_break,9.9502E-4
length_minutes,9.9502E-4
communication_channel,9.6523E-4
telephone,9.6523E-4
smartphone_integration,9.6061E-4
feature_campaign_season_seats_website_video,9.6061E-4
success_video_mentos,9.6061E-4
analogys_terms,9.6061E-4
marketing_target_marketing_web_engine_optimization_seo,9.6061E-4
connectors_bridges_subcultures_salespeople,9.6061E-4
website_indicators_bottomline,9.6061E-4
distribution_producers,9.6061E-4
potential_forms_vehicles_messages,9.6061E-4
network_number_reviews_brand_quality,9.6061E-4
number_play,9.6061E-4
hub_distribution_market_mavens_convincing,9.6061E-4
marketing_programs,9.6061E-4
number_requests_samples_testdrives_responses,9.6061E-4
message_spreads,9.6061E-4
media_statistics_number_quality_shares_reviews_comments_consumers_brand_engagement,9.6061E-4
types_messengers,9.6061E-4
package_mtv_journalist,9.6061E-4
user_shares_idea,9.6061E-4
user_average,9.6061E-4
marketing_form_video_clips,9.6061E-4
spread_viruses_computer_viruses_cf_internet_memes_memetics,9.6061E-4
star_isaiah_mustafa_reply_online_comments_questions_websites_reddit_digg_youtube_campaign_days_companies,9.6061E-4
campaigns_key_measurement_possibilities,9.6061E-4
links_hint_jerichos_return_portuguese_football_club,9.6061E-4
sponsor_businesses_pay_distribution,9.6061E-4
code_videos_videos,9.6061E-4
idea_shares_idea,9.6061E-4
media_sites,9.6061E-4
links_jericho_speculation,9.6061E-4
measures_number_clicks_hits,9.6061E-4
surveys_consumers,9.6061E-4
forms_marketing_communications_public_relations_advertisingcitation,9.6061E-4
redsvg_sections,9.6061E-4
platform_webpage,9.6061E-4
video_awards_clickbait_guerrilla_marketing_internet_marketing_kfactor_marketing_marketing_buzz,9.6061E-4
tapes_hotmail_internet_businesses,9.6061E-4
fans_content,9.6061E-4
chicken_campaign,9.6061E-4
locker_room_phone_user,9.6061E-4
decisions_marketers_hope,9.6061E-4
message_market_maven,9.6061E-4
flash_games_advergames_ebooks,9.6061E-4
number_individuals,9.6061E-4
friends_mustsee_element_environment_environment,9.6061E-4
singer_jonna_lee_july_spice,9.6061E-4
tom_dickson_blendtec_founder_ceo_attempts,9.6061E-4
disciplines_advertising_model_vms_match_client,9.6061E-4
return_chris_jericho,9.6061E-4
onethe_standard_epidemiology,9.6061E-4
publicity_stunt_burger_king_marketing_campaigns,9.6061E-4
users_indicators_attitudes,9.6061E-4
message_messages,9.6061E-4
measures_attitude_brand,9.6061E-4
lead_contributions,9.6061E-4
marketing_study_citation,9.6061E-4
increases_brand_awareness,9.6061E-4
potential_spur,9.6061E-4
ad_website_pass_blog_webpage,9.6061E-4
number_likes_shares,9.6061E-4
calltoaction_messages,9.6061E-4
media_hotmail,9.6061E-4
attention_bloggers,9.6061E-4
environment_lead,9.6061E-4
potential_gerstley,9.6061E-4
hours_ballooning_hours_spices_agency,9.6061E-4
marketing_concept_alpha_user,9.6061E-4
media_optimization_smo_television_radio,9.6061E-4
videos_campaign_spread_internet,9.6061E-4
youtube_signing_video_cost_november_video,9.6061E-4
bathroom_set_portland_tv,9.6061E-4
media_technologies_brand,9.6061E-4
fritz_grobe_stephen_voltz_eepybird,9.6061E-4
influence_marketing_gurus_context_debate_origination_popularization,9.6061E-4
campaign_sense_key,9.6061E-4
alpha_users,9.6061E-4
marketing_phenomenon,9.6061E-4
wwe_fans_campaign,9.6061E-4
phone_networks_naturecitation,9.6061E-4
organization_contributions_web_engines_blogs,9.6061E-4
imt_strategies,9.6061E-4
snp_algorithms,9.6061E-4
marketing_approach_advertisement,9.6061E-4
bob_gerstley,9.6061E-4
advertising_marketing_buzz_buzzwords,9.6061E-4
harvard_business_school_graduate_tim_draper_faculty_jeffrey_rayport_term,9.6061E-4
degree_brand_knowledge_measurement,9.6061E-4
website_definition,9.6061E-4
potential_measures,9.6061E-4
campaign_hubs,9.6061E-4
fund_masters_students_educations,9.6061E-4
offer_support,9.6061E-4
article_virus_marketing_tim_draper_steve_jurvetson_venture_capital_firm_draper_fisher_jurvetson_hotmails_practice,9.6061E-4
systems_websavvy_enthusiasts,9.6061E-4
goal_marketers,9.6061E-4
measures_consumers_behavior,9.6061E-4
spot_adage_list,9.6061E-4
curve_marketing_campaign,9.6061E-4
software_images_text_messages_messages_web,9.6061E-4
pulse_things_specialists,9.6061E-4
focus_consumers_actions,9.6061E-4
customer_participation_polling,9.6061E-4
blog_site_week,9.6061E-4
messages_appeal_individuals,9.6061E-4
video_series,9.6061E-4
relation_objectives,9.6061E-4
connections_hundreds_ability,9.6061E-4
networks_posts,9.6061E-4
environment_timing_context_campaign_launch_kaplan_haenlein,9.6061E-4
diet_coke_mentos_experiments,9.6061E-4
contents_history_methods_metrics_metrics_methods,9.6061E-4
friends_family,9.6061E-4
network_effects_internet,9.6061E-4
marketing_methods_media_methods_metrics,9.6061E-4
forms_print,9.6061E-4
march_dollar,9.6061E-4
marketing_purposes,9.6061E-4
examples_references_history_emergence,9.6061E-4
marketing_thirds_worlds_internet_population_visits,9.6061E-4
video_campaign_winner_bronze_level_clio_award,9.6061E-4
potential_snp_probability,9.6061E-4
user_input_phone_number_playback,9.6061E-4
content_number_shares,9.6061E-4
increase_sales_quantity,9.6061E-4
marketing_message_measures_number_reviews_number_members_campaign_webpage,9.6061E-4
user_user,9.6061E-4
youtube_video,9.6061E-4
growth_user,9.6061E-4
conversion_rate_consumers_behavior,9.6061E-4
profile_gathering_proximity_market_analysis_realtime_key_word_density_analysis,9.6061E-4
sales_managers_factors,9.6061E-4
season_user_buys_season_ticket,9.6061E-4
youtube_iamamiwhoami,9.6061E-4
hotmail_users_hotmail_users_months,9.6061E-4
january_marketing_professors,9.6061E-4
platform_youtube,9.6061E-4
viewers_copies_video_tapes_friends_order,9.6061E-4
indicators_context_function_marketers_objectives,9.6061E-4
media_likes_retweets,9.6061E-4
hubs_salespeople_market_mavens_individuals,9.6061E-4
notion_memetics,9.6061E-4
popularization_notion_ideas_spread_viruses_field,9.6061E-4
articles_suggestions_november,9.6061E-4
marketing_internet_media_critic_doug_rushkoff_assumption_advertisement_reaches,9.6061E-4
resources_consumers_attitudes_brand_marketing_communication_online,9.6061E-4
kaplan_michael_haenlein,9.6061E-4
eepybird_thousands_mints_experiments_coke,9.6061E-4
accounts_slatecom_tivos,9.6061E-4
coach_paulo_bento_players,9.6061E-4
spread_individuals_competitors_communications,9.6061E-4
period_term,9.6061E-4
examples_wikipedias_guide,9.6061E-4
magazine_december_march_series_videos,9.6061E-4
marketers_statistics_online_traffic_surveys,9.6061E-4
outofnowhere_video_campaign_adage,9.6061E-4
futurist_sales_marketing_analyst_marc_feldman,9.6061E-4
online_video_campaign_hrs_video,9.6061E-4
set_guidelines_order,9.6061E-4
attestation_term_pc_user_magazine,9.6061E-4
speculation_marketing_campaign_musician_march,9.6061E-4
media_network_copy,9.6061E-4
media_websites_youtube_consumers,9.6061E-4
youtube_award_series_winner_net_magazines,9.6061E-4
advertising_purposes,9.6061E-4
wordofmouth_marketing_blendtec,9.6061E-4
items_order_power_blender,9.6061E-4
marketing_objectives_sales,9.6061E-4
transmission_vehicles,9.6061E-4
study_news_online,9.6061E-4
boost_gain_attention,9.6061E-4
kfactor_number_followers_friends,9.6061E-4
stealth_marketing,9.6061E-4
examples_article,9.6061E-4
marketing_growth_hacking,9.6061E-4
reductions_marketing_costs_expenses_methods,9.6061E-4
science_metrics,9.6061E-4
effects_sales,9.6061E-4
video_blendtec,9.6061E-4
message_messengers_environment_messenger,9.6061E-4
viewership_increase_demand_fledgling_comedy_channel_network_period,9.6061E-4
existence_television_mystery_science_theater,9.6061E-4
advantage_internet_campaign,9.6061E-4
identity_artist,9.6061E-4
radio_advertising,9.448E-4
advertising_industry,9.448E-4
operators_sms,9.2937E-4
proxima_sms_bluewater,9.2937E-4
marketing_bluetooth_context_tag_ambiesense_project,9.2937E-4
knowledgepull_customers,9.2937E-4
advertising_lot_competition_field,9.2937E-4
marketing_marketing_activity,9.2937E-4
cdm_google,9.2937E-4
operators_demand,9.2937E-4
traffic_sms,9.2937E-4
order_increase_interaction_target_customers,9.2937E-4
games_drive_engagement,9.2937E-4
movie_school,9.2937E-4
ability_leave_voice_mail_message,9.2937E-4
friends_acquaintances,9.2937E-4
marketing_advertisers_pay_products,9.2937E-4
fashion_classification,9.2937E-4
future_communications,9.2937E-4
starbucks_lady_gaga_apple_passbook,9.2937E-4
optin_subscriber,9.2937E-4
spam_messages_sms,9.2937E-4
location_cellphone_provider_location_gps_chip,9.2937E-4
cars_ford_chevy_advertisers,9.2937E-4
media_advances,9.2937E-4
parameters_removal_limitations,9.2937E-4
advertising_messages,9.2937E-4
realtime_games,9.2937E-4
cell_phone_networks,9.2937E-4
cdms_successor,9.2937E-4
alternative_rs_data_cables_bluetooth,9.2937E-4
operators_debt_collection_fcc,9.2937E-4
makers_cadbury_oreo_products,9.2937E-4
blog_opinions_discussion_mobility_freedom_gps_plays_role,9.2937E-4
networks_trilateration_lbs,9.2937E-4
transfer_speeds,9.2937E-4
centre_shops,9.2937E-4
shopping_centre_uk_gsm,9.2937E-4
smartphones_apple_push_notification_android_devices_google,9.2937E-4
standard_tracking_automobile_parts_japan_qr_codes,9.2937E-4
slideshow_images_text_audio_video,9.2937E-4
mo_message,9.2937E-4
color_screen,9.2937E-4
technology_june,9.2937E-4
phones_location,9.2937E-4
marketing_proximity_systems_proximity_marketing,9.2937E-4
message_cell_broadcast_smscb_messages_advertising_public_broadcast,9.2937E-4
template_message_push_notifications,9.2937E-4
process_increase_engagement,9.2937E-4
data_networks_number_concerns,9.2937E-4
knowledgepush_organizations_broadcast,9.2937E-4
messages_permission_knowledgepull_patrons_covers_situations_customers,9.2937E-4
privacy_violations,9.2937E-4
channel_marketers,9.2937E-4
goodwill_privacy_issue,9.2937E-4
engagement_payment,9.2937E-4
iss_standard_densowave,9.2937E-4
channel_reach_sms,9.2937E-4
ericsson_bluetooth,9.2937E-4
marketing_degree_knowledge_trigger_communication_groups_strangers_groupies_victims_patrons_knowledge,9.2937E-4
source_user,9.2937E-4
labatt_brewing_years,9.2937E-4
users_organization_customers,9.2937E-4
codes_digit_numbers,9.2937E-4
revenue_games_advergaming_users,9.2937E-4
games_today,9.2937E-4
range_devices,9.2937E-4
codes_month,9.2937E-4
game_ingame,9.2937E-4
deployment_messages,9.2937E-4
games_feature,9.2937E-4
rate_companies,9.2937E-4
campaigns_house_blues_venues_brand,9.2937E-4
consumers_confidence_privacy,9.2937E-4
marketing_industry_advertising_sms_month_europe_europe_crosscarrier_sms_shortcode_campaign_txtbomb_island_records_release,9.2937E-4
placement_app_usage_marketers,9.2937E-4
europe_countries,9.2937E-4
content_consumers_phones_guidelines_place,9.2937E-4
barcode_passbook_pass_addition_qr_codes_passbook_supports_pdf,9.2937E-4
games_investment,9.2937E-4
profits_couple_years_usage,9.2937E-4
billboards_calvin_klein_times_square_qr_codes_sku_depot,9.2937E-4
marketing_association_mma,9.2937E-4
smartphones_app_usage,9.2937E-4
device_delivery_software_computing_device_request_client_user_sms_notifications,9.2937E-4
marketing_leanplum_android,9.2937E-4
marketing_classification,9.2937E-4
blog_events,9.2937E-4
multiplayer_games,9.2937E-4
spam_force,9.2937E-4
marketing_communications_demands_user,9.2937E-4
companies_order,9.2937E-4
government_agencies_dissemination_governmentrun,9.2937E-4
numbers_key_criterion,9.2937E-4
marketing_ingame,9.2937E-4
apps_business_increase_chances_success_app,9.2937E-4
infrastructure_providers,9.2937E-4
board_realtime_blog_images_online_push_notifications,9.2937E-4
text_messages_address_methodology_method,9.2937E-4
media_sms_marketing,9.2937E-4
games_stay_brands,9.2937E-4
number_increases_download,9.2937E-4
improvements_authentication_delivery,9.2937E-4
rates_ios_android,9.2937E-4
technology_marketers,9.2937E-4
number_brands,9.2937E-4
ios_rates_percent,9.2937E-4
area_philippines,9.2937E-4
marketing_references_sms_marketing_marketing_cellphones_sms,9.2937E-4
strategy_brand,9.2937E-4
issue_parts,9.2937E-4
push_communication,9.2937E-4
games_games,9.2937E-4
brands_walt_disney,9.2937E-4
relationshiployalty_program_privacy,9.2937E-4
regulations_cpl,9.2937E-4
tracking_features,9.2937E-4
memorization_increases_virality_content_users,9.2937E-4
app_business_aspects,9.2937E-4
forms_marketing_communication_user,9.2937E-4
barcodes_bluetooth_bluetooth_technology,9.2937E-4
years_sms_marketing,9.2937E-4
advantage_smartphone_apps_marketing_resource_marketers_aim_increase_visibility_app_store_turn_downloads,9.2937E-4
advertising_channel_parts_public_internet_carriers_police_networks_set_guidelines_practices,9.2937E-4
bluetooth_marketing_campaigns_india_brand_sumo_grande_activities,9.2937E-4
advertising_iab,9.2937E-4
gcm_google_cloud,9.2937E-4
mms_multimedia_message_phones,9.2937E-4
gains_pointofpurchase_influence,9.2937E-4
cellphone_towers_phones_gps_features,9.2937E-4
highprofile_qr_campaigns,9.2937E-4
customers_location,9.2937E-4
operators_vet,9.2937E-4
mt_message_infrastructure_points_trend_set,9.2937E-4
businesses_businesses_offer_hotspot_systems_kind_contentmanagement_bluetooth_distribution_function_technology_advantages,9.2937E-4
server_business_user,9.2937E-4
network_consumers,9.2937E-4
architectures_offer_operators_freedom_users,9.2937E-4
glitches_crop_mind_app,9.2937E-4
number_format_number_format_place,9.2937E-4
game_play,9.2937E-4
mall_message,9.2937E-4
content_average_sms_messages,9.2937E-4
subscribers_networks_brands_sponsor_messages_persontoperson,9.2937E-4
media_privacy_concerns,9.2937E-4
ntl_gsm_coverage_calls_customer,9.2937E-4
proximity_broadcast_systems,9.2937E-4
stores_scavenger_hunt,9.2937E-4
numbers_nonpremium,9.2937E-4
mms_mms,9.2937E-4
europe_parts,9.2937E-4
solutions_official_sponsor,9.2937E-4
base_station_radius_inaccuracy,9.2937E-4
minutes_purchase_store_snacks_mondelez,9.2937E-4
voice_mail_advancement,9.2937E-4
offer_texts_phone_retailer,9.2937E-4
app_ios,9.2937E-4
degree_organizations,9.2937E-4
security_aggregate_presence,9.2937E-4
content_mms_ap_applicationtoperson,9.2937E-4
groupies_knowledgepush,9.2937E-4
user_idea_onetoone_marketing_trigger_communication_kaplan,9.2937E-4
databases_parties_india_governments_efforts,9.2937E-4
device_contents_sms_marketing_mms_push_notifications,9.2937E-4
operators_country_brand_campaign_price,9.2937E-4
games_instance,9.2937E-4
android_cloud,9.2937E-4
phone_radiolocation_trilateration,9.2937E-4
text_message_brand_event_store,9.2937E-4
advertising_bureau,9.2937E-4
app_specifications,9.2937E-4
media_industry,9.2937E-4
marketing_sms,9.2937E-4
marketing_qr_codes_bluetooth_proximity_systems,9.2937E-4
states_canada,9.2937E-4
custom_advertising_cellphone_subscribers,9.2937E-4
provider_ingame,9.2937E-4
word_sms_guidelines,9.2937E-4
traction_companies_europe,9.2937E-4
messages_sms_reception_promotions_campaigns,9.2937E-4
rates_percent_push_notification,9.2937E-4
cellphone_users_sms_advertisements,9.2937E-4
standard_mms_message_brands,9.2937E-4
media_coverage_parts_europe_form_spam_advertisers,9.2937E-4
businesses_number,9.2937E-4
games_trend_complex,9.2937E-4
app_development_technology,9.2937E-4
spam_identification_location,9.2937E-4
gps_tracking_technique,9.2937E-4
content_devices_peertopeer,9.2937E-4
ios_android_users_sms_push_notifications,9.2937E-4
programs_advantage_reach_popularity_philippines_worlds,9.2937E-4
code_order,9.2937E-4
mms_marketing_campaigns_motorolas,9.2937E-4
qr_codes_ways_iphone_ipod_touch_users,9.2937E-4
order_launch_popularity,9.2937E-4
phone_numbers,9.2937E-4
onetoone_communication,9.2937E-4
text_message_customers_database_optedin,9.2937E-4
voapp_technology_conjunction,9.2937E-4
ctia_playbook_mma_practices_guidelines,9.2937E-4
victims_organizations_customers,9.2937E-4
sendrates_message_sizes_message,9.2937E-4
market_wave_progression_growth,9.2937E-4
networks_qr_codes_qr_codes_customer_visit_web_address_scanning_image_phones_camera,9.2937E-4
marketing_strategies_advergaming,9.2937E-4
marketing_kaplan,9.2937E-4
advertisements_television,8.945699999999999E-4
advertising_space,8.945699999999999E-4
ad_campaign,8.945699999999999E-4
advertising_ads,8.945699999999999E-4
europe_advertising,8.945699999999999E-4
lauterborns_cs,8.8495E-4
advertising_public_relations,8.8495E-4
lauterborns,8.8495E-4
increasing_number,8.6452E-4
majority,8.6452E-4
outlet,8.6452E-4
australian,8.6452E-4
conditions,8.6452E-4
lasting,8.6452E-4
restaurant,8.6452E-4
implementing,8.6452E-4
domain_names,8.4436E-4
advertising_spending,8.4436E-4
radio_stations,8.4436E-4
internal,8.142900000000001E-4
independent,8.142900000000001E-4
exclusive,8.142900000000001E-4
prices,8.142900000000001E-4
extended,8.142900000000001E-4
fall,8.142900000000001E-4
professional,8.142900000000001E-4
areas,8.142900000000001E-4
booms,8.0467E-4
total_cost,8.0467E-4
bitner,8.0467E-4
latin_derivation,8.0467E-4
tangible_good,8.0467E-4
booms_bitner,8.0467E-4
derivation,8.0467E-4
category,8.0467E-4
profit_organization,7.640699999999999E-4
balance,7.640699999999999E-4
pays,7.640699999999999E-4
access,7.640699999999999E-4
discount,7.640699999999999E-4
represents,7.640699999999999E-4
narrow,7.640699999999999E-4
eventual,7.640699999999999E-4
perceived,7.640699999999999E-4
distributed,7.640699999999999E-4
guarantee,7.340000000000001E-4
phase,7.340000000000001E-4
failure,7.340000000000001E-4
task,7.340000000000001E-4
suggests,6.837799999999999E-4
include_advertising,6.837799999999999E-4
cs_commodity_cost_communication,6.837799999999999E-4
communications_include,6.837799999999999E-4
communications_include_advertising,6.837799999999999E-4
criticized,6.837799999999999E-4
commodity_cost_communication_channel,6.837799999999999E-4
commodity_cost_communication,6.837799999999999E-4
finding,6.837799999999999E-4
potential_customers,6.837799999999999E-4
cost_communication_channel,6.837799999999999E-4
clio_awards,6.6335E-4
sport_events,6.6335E-4
program_content,6.6335E-4
program_terrestrial_channels,6.6335E-4
television_recorders_advertisement,6.6335E-4
television_advertisement_broadcast,6.6335E-4
broadcast_tv,6.6335E-4
channels_state,6.6335E-4
future_tv_advertisements,6.6335E-4
cigarette_smoking,6.6335E-4
slot_series_britains_talent,6.6335E-4
sea_countries_rest,6.6335E-4
advertising_tv,6.6335E-4
tv_advertising_permit_number,6.6335E-4
increase_advertising_minutes,6.6335E-4
terrestrial_television,6.6335E-4
percent_ads,6.6335E-4
broadcast_standards,6.6335E-4
breaks_halfhour_program,6.6335E-4
minutes_advertisements_minutes,6.6335E-4
advertising_code_ethics,6.6335E-4
license_fee_advertising,6.6335E-4
recordings_purpose,6.6335E-4
language_advertisements,6.6335E-4
publicitario_produccin,6.6335E-4
government_department,6.6335E-4
advertisements_official,6.6335E-4
news_updates,6.6335E-4
restrictions_television,6.6335E-4
media_companies,6.1312E-4
radio_broadcast,6.1312E-4
advertising_television,6.1312E-4
mass_media,6.1312E-4
television_industry,6.1312E-4
satisfy,6.035E-4
cs_cs,6.035E-4
price_promotion_place,6.035E-4
tangible_goods,6.035E-4
complement,6.035E-4
catalogue,6.035E-4
price_promotion,6.035E-4
cycle,6.035E-4
physical_environment,6.035E-4
promotion_place,6.035E-4
mccarthys,6.035E-4
process_physical,6.035E-4
business_business,6.035E-4
bowman,6.035E-4
advertising_ads_design_elements,5.629E-4
products_advertising,5.629E-4
sponsorship_rights,5.629E-4
ad_airs,5.629E-4
products_celebrities,5.629E-4
advertising_types,5.629E-4
medium_advertising,5.629E-4
inline_citations_statements,5.629E-4
domain_registrants,5.629E-4
economies_scale,5.629E-4
newspaper_magazine,5.629E-4
bowl_fritolays,5.629E-4
travel_advertising,5.629E-4
advertising_competitions,5.629E-4
response_advertising,5.629E-4
century_advertising,5.629E-4
brand_messages,5.629E-4
print_advertisements,5.629E-4
center,5.3284E-4
suggested,5.3284E-4
selective,5.3284E-4
left,5.3284E-4
fairly,5.3284E-4
lives,5.3284E-4
dialogue,5.3284E-4
engaged,5.3284E-4
deals,5.3284E-4
compliance,5.3284E-4
determines,5.3284E-4
tasks,5.3284E-4
starting,5.3284E-4
disposable,4.8262E-4
cost_communication_channel_cs,4.8262E-4
customerdriven_replacement,4.8262E-4
perception,4.8262E-4
relations_publicity_selling_corporate,4.8262E-4
public_relations_publicity,4.8262E-4
theories_based,4.8262E-4
based_cs,4.8262E-4
introduced_customerdriven_replacement,4.8262E-4
channel_cs,4.8262E-4
diamond,4.8262E-4
selling_corporate_identity_internal,4.8262E-4
cs_introduced_customerdriven_replacement,4.8262E-4
public_relations_publicity_selling,4.8262E-4
communication_convenience_shimizus_cs,4.8262E-4
communication_sns,4.8262E-4
public_perception,4.8262E-4
channel_cs_compass,4.8262E-4
retail_store,4.8262E-4
stimulate,4.8262E-4
publicity_selling_corporate_identity,4.8262E-4
promotion_public_relations,4.8262E-4
advertising_sales_promotion_public,4.8262E-4
customerdriven_replacement_ps_theories,4.8262E-4
corporate_identity,4.8262E-4
include_advertising_sales,4.8262E-4
persuade,4.8262E-4
participate,4.8262E-4
communications_include_advertising_sales,4.8262E-4
internal_communication_sns,4.8262E-4
internal_communication_sns_mis,4.8262E-4
publicity_selling,4.8262E-4
setting,4.8262E-4
corporate_identity_internal,4.8262E-4
replacement_ps_theories_based,4.8262E-4
mix_advertising,4.8262E-4
mix_marketing,4.8262E-4
introduced_customerdriven_replacement_ps,4.8262E-4
cs_introduced,4.8262E-4
selling_corporate,4.8262E-4
advertising_sales_promotion,4.8262E-4
identity_internal_communication,4.8262E-4
advertising_sales_promotion_public_relations_publicity,4.8262E-4
publicity_selling_corporate,4.8262E-4
relations_publicity_selling,4.8262E-4
theories_based_cs_lauterborns,4.8262E-4
ps_theories,4.8262E-4
emphasis,4.8262E-4
assume,4.8262E-4
cs_lauterborns_cs_cost,4.8262E-4
communication_convenience,4.8262E-4
shimizus_cs_commodity,4.8262E-4
sns_mis,4.8262E-4
cards,4.8262E-4
concept_cs_introduced_customerdriven,4.8262E-4
communication_sns_mis,4.8262E-4
cs_cost,4.8262E-4
commercials_radio,4.8262E-4
lauterborns_cs_cost_communication,4.8262E-4
shimizus_cs_commodity_cost,4.8262E-4
corporate_identity_internal_communication,4.8262E-4
based_cs_lauterborns,4.8262E-4
theories_based_cs,4.8262E-4
communication_channel_cs_compass,4.8262E-4
concept_cs_introduced,4.8262E-4
promotion_public,4.8262E-4
ps_theories_based,4.8262E-4
cs_cost_communication_convenience,4.8262E-4
sns,4.8262E-4
testimonials,4.8262E-4
offering,4.8262E-4
replacement_ps,4.8262E-4
communication_channel_cs,4.8262E-4
relations_publicity,4.8262E-4
steps,4.8262E-4
cost_communication_convenience_shimizus,4.8262E-4
communication_convenience_shimizus,4.8262E-4
intangible,4.8262E-4
theories,4.8262E-4
lauterborns_cs_cost,4.8262E-4
cs_cost_communication,4.8262E-4
concept_cs,4.8262E-4
convenience_shimizus_cs,4.8262E-4
decline,4.8262E-4
marketing_mix_marketing,4.8262E-4
identity_internal_communication_sns,4.8262E-4
internal_communication,4.8262E-4
channels_market,4.8262E-4
introduced_customerdriven,4.8262E-4
ps_theories_based_cs,4.8262E-4
convenience_shimizus_cs_commodity,4.8262E-4
mass_marketing,4.8262E-4
billboards_public,4.8262E-4
cash,4.8262E-4
sales_promotion_public,4.8262E-4
channel_cs_compass_model,4.8262E-4
convenience_shimizus,4.8262E-4
cs_introduced_customerdriven,4.8262E-4
sales_promotion_public_relations,4.8262E-4
replacement_ps_theories,4.8262E-4
promotion_public_relations_publicity,4.8262E-4
selling_corporate_identity,4.8262E-4
customerdriven_replacement_ps,4.8262E-4
reflects,4.8262E-4
identity_internal,4.8262E-4
cs_lauterborns_cs,4.8262E-4
cs_lauterborns,4.8262E-4
obvious,4.8262E-4
cost_communication_convenience,4.8262E-4
customerdriven,4.8262E-4
execute,4.8262E-4
moves,4.8262E-4
include_advertising_sales_promotion,4.8262E-4
bought,4.8262E-4
movement,4.8262E-4
based_cs_lauterborns_cs,4.8262E-4
