1,187,DSENG02_CS3,Edison,0.19736910312669476
1,262,Text mining,Machine_Learning,0.1990509098530392
1,265,Text_mining,Machine_Learning,0.1990509098530392
1,256,Data_mining,Machine_Learning,0.20296986053773725
1,267,Data mining,Machine_Learning,0.20296986053773725
1,258,Machine learning,Machine_Learning,0.21830468947480486
1,261,Machine_learning,Machine_Learning,0.21830468947480486
1,260,Categorization,Machine_Learning,0.2526169573543052
1,269,Classification,Machine_Learning,0.267517750262361
1,220,DSENG03_DM5,Edison,0.2754775340065214
1,252,Unsupervised_learning,Machine_Learning,0.28588691270125277
1,266,Unsupervised learning,Machine_Learning,0.28588691270125277
1,152,DSENG02_CS1,Edison,0.2987545507940924
1,264,Predictive Analytics,Machine_Learning,0.30155820079751283
1,270,Predictive_Analytics,Machine_Learning,0.30155820079751283
1,175,DSDA04_DB1,Edison,0.3115092448829446
1,257,Clustering,Machine_Learning,0.3303941803844249
1,253,Statistics,Machine_Learning,0.3395768771557267
1,333,R,Computer_Programming,0.33987493149593506
1,118,DSDA05_Platforms3,Edison,0.3457922179572659
1,327,Python,Computer_Programming,0.3617704987561021
1,70,SPSS,statistical_software,0.3618655120260169
1,232,SPSS,Software,0.3618655120260169
1,99,IsOperationsResearchReallyResearch,Research,0.36535833256493067
1,197,DSRM03_IORRR,Edison,0.36535833256493067
1,57,Distributed Computing,Distributed,0.36902913834004436
1,63,Distributed_Computing,Distributed,0.36902913834004436
1,23,Mathematics,Math_Stats_tools,0.37642734549689527
1,183,DSDA05_CDV,Edison,0.37966640333984825
1,44,Important_Methods_For_Statistical_Data_Analysis,Statistics,0.38040993724191585
1,136,DSDA02_IMFSDA,Edison,0.38040993724191585
1,194,DSDA03_AFDM,Edison,0.38511707136535
1,254,Supervised_Learning,Machine_Learning,0.3894885400179453
1,255,Supervised Learning,Machine_Learning,0.3894885400179453
1,207,DSENG06_BDAA,Edison,0.39169543627113834
1,326,Julia,Computer_Programming,0.39275393080873566
1,134,DSDK04_HBDATCHYO,Edison,0.39394603819364893
1,67,JMP,statistical_software,0.39505491306967033
1,230,JMP,Software,0.39505491306967033
1,93,Service-oriented modeling,Business,0.39505605873987637
1,90,Business Intelligence,Business,0.4125683574975868
1,110,FrascatiDefinitionofResearch,Research,0.4150445392799256
1,161,DSRM03_FDOR,Edison,0.4150445392799256
1,94,Business Model,Business,0.4252138125742905
1,259,Information_Retrieval,Machine_Learning,0.4300859323419375
1,263,Information Retrieval,Machine_Learning,0.4300859323419375
1,104,RM4,Research,0.4372694219610497
1,128,DSRM01_RM4,Edison,0.4372694219610497
1,298,db,Databases,0.43925201188447516
1,127,DSDA05_Platforms2,Edison,0.4466956845938126
1,213,DSDA03_DA,Edison,0.44782072590899513
1,170,DSDK02_HTDBDCS,Edison,0.4536258632115311
1,66,SAS,statistical_software,0.45467468656359655
1,229,SAS,Software,0.45467468656359655
1,314,SAS,Computer_Programming,0.45467468656359655
1,76,KNIME,statistical_software,0.4551033582815601
1,238,KNIME,Software,0.4551033582815601
1,180,DSDA05_Platforms1,Edison,0.45675200462021137
1,275,ODBMS,Databases,0.4567542144811386
1,24,Math_Stats_tools,Math_Stats_tools,0.45797587730819755
1,277,RDBMS,Databases,0.45815052119798183
1,19,_BiomedicalEngineers,Biomedical,0.45858080391498657
1,293,database,Databases,0.46987175174234386
1,75,GATE,statistical_software,0.47110161579753207
1,237,GATE,Software,0.47110161579753207
1,88,Business Management,Business,0.4719003857204519
1,173,DSDA03_BDTA,Edison,0.472190595043801
1,16,BiomedicalEngineers2,Biomedical,0.47536494623242087
1,59,Cloud_Computing,Distributed,0.4774215524298092
1,65,Cloud Computing,Distributed,0.4774215524298092
1,291,NoSQL,Databases,0.48150546976438824
1,20,Statistics,Math_Stats_tools,0.4853122111556101
1,41,Statistics,Statistics,0.4853122111556101
1,131,DSDA02_Stat,Edison,0.4853122111556101
1,143,DSDA05_BDAP,Edison,0.48547406235980683
1,77,Waffles,statistical_software,0.4901079596078173
1,239,Waffles,Software,0.4901079596078173
1,102,RM3,Research,0.49375243452749373
1,219,DSRM01_RM3,Edison,0.49375243452749373
1,217,DSRM06_SM,Edison,0.49722519408505594
1,204,DSENG01_EP,Edison,0.4990898353660843
1,100,Secondary_research,Research,0.49937710080487474
1,64,Hadoop,Distributed,0.5004929295795926
1,192,DSDM06_IPRIDM,Edison,0.5011883125632006
1,268,Statistical method,Machine_Learning,0.5024321577379989
1,271,Statistical_method,Machine_Learning,0.5024321577379989
1,146,DSDK02_BDNPD,Edison,0.5055633281424826
1,160,DSENG02_CS2,Edison,0.5083178667164459
1,178,DSDK03_TSOMISFESATP,Edison,0.5083834431388021
1,45,Correlation,Statistics,0.5116821729374694
1,140,DSDA02_CoR,Edison,0.5116821729374694
1,133,DSDA01_PA,Edison,0.5123494074693107
1,251,Video_commerce,Advertising,0.5137066049734167
1,35,Investment_theory,capital_market,0.5139444580881664
1,92,Project management,Business,0.5157661148917764
1,315,Programmer,Computer_Programming,0.5232247732920391
1,212,DSENG04_DB4,Edison,0.5247430640587657
1,283,DB4,Databases,0.5247430640587657
1,222,DSRM06_Ing,Edison,0.5289741625176863
1,201,DSDA04_DB,Edison,0.5324464903862303
1,214,DSENG04_RNRD,Edison,0.534053093775021
1,292,DSENG04_Relational_non-relational_databases,Databases,0.534053093775021
1,18,BiomedicalEngineering,Biomedical,0.5350529736464849
1,332,Software_developer,Computer_Programming,0.5352541744589274
1,101,RM5,Research,0.5356574786608911
1,206,DSRM01_RM5,Edison,0.5356574786608911
1,107,RMO,Research,0.5357627146327543
1,174,DSRM05_RMO,Edison,0.5357627146327543
1,218,DSENG03_DM3,Edison,0.5389192778936331
1,12,Graduate_school,Education,0.5438045917876116
1,58,Hortonworks,Distributed,0.5438195724004733
1,310,C--,Computer_Programming,0.5440310700293436
1,98,RM2,Research,0.5449664479313296
1,185,DSRM01_RM2,Edison,0.5449664479313296
1,60,Cloudera,Distributed,0.5463156797743316
1,176,DSDM02_DM101,Edison,0.5485147547120357
1,40,StatisticalTechniques,Statistics,0.5508405086580611
1,155,DSDA02_ST,Edison,0.5508405086580611
1,312,Computer_Programming,Computer_Programming,0.5548092486581258
1,106,DSRM06_Contribute_research_objectives,Research,0.5552909697219716
1,186,DSRM05_CRO,Edison,0.5552909697219716
1,137,DSDM02_DBM,Edison,0.5553866571380712
1,299,Data_warehouse,Databases,0.5583302202818319
1,119,DSDK01_BPD,Edison,0.5622576923205772
1,89,Business,Business,0.5626367506080381
1,14,Professional_Science_Master's_Degree,Education,0.5651560558586922
1,85,Non-store_retailing,e-commerce,0.5657104517313195
1,205,DSDM05_DFM,Edison,0.565749275381529
1,105,DSRM02_Systematic_study,Research,0.567410433435741
1,149,DSRM02_SysS,Edison,0.567410433435741
1,13,Master_of_Engineering,Education,0.5706460191390597
1,286,IBM_DB2,Databases,0.5708232117318603
1,71,Weka,statistical_software,0.5715892857137563
1,233,Weka,Software,0.5715892857137563
1,202,DSDM02_DM,Edison,0.5721358733537871
1,328,Software_architecture,Computer_Programming,0.5735914148981097
1,7,Master_of_Science,Education,0.5783946582623674
1,3,Master_of_Applied_Science,Education,0.5790022217307138
1,181,DSRM06_DOI,Edison,0.5799230727878755
1,246,Mobile_marketing,Advertising,0.5816275495143276
1,330,Software_engineer,Computer_Programming,0.5817707901420539
1,11,Educational_specialist,Education,0.5819916362112958
1,26,Financial_economics,capital_market,0.5821208868271305
1,150,DSENG03_ATFDM,Edison,0.5823179529563317
1,295,Database,Databases,0.583228888374112
1,281,Database2,Databases,0.5863278100534228
1,129,DSDM01_DMCP,Edison,0.5877973399544205
1,208,DSDA04_DB2,Edison,0.5885647560750898
1,141,DSRM06_TCAIPSIS,Edison,0.5926069632623125
1,285,Microsoft_SQL_Server,Databases,0.593129440761026
1,103,DSRM01_Scientific_method,Research,0.5947974635236972
1,193,DSRM01_SM,Edison,0.5947974635236972
1,117,DSENG06_AA,Edison,0.5972729913930565
1,168,DSDM03_DI4,Edison,0.599746281764509
1,182,DSDM04_DA,Edison,0.6036190761680904
1,15,Master_of_Laws,Education,0.604182562381554
1,334,Computer_network,Computer_Programming,0.6074145288340723
1,211,DSDA06_DVT,Edison,0.6075576011213876
1,282,MonetDB,Databases,0.6102648795242565
1,179,DSDK04_ASI,Edison,0.6114159169856896
1,125,DSDA03_HPACIDM,Edison,0.6151618385878588
1,223,DSDK04_AS,Edison,0.6153972296655448
1,1,Master's_degree_in_Europe,Education,0.6167029054608846
1,227,DSENG05_SSM,Edison,0.616935315678915
1,122,DSDK06_ADFM,Edison,0.6205309784356932
1,49,Executive_search,Recuting,0.6209739727862822
1,198,DSDK01_BP,Edison,0.621871198699079
1,164,DSDA04_DB4,Edison,0.6227901260849078
1,10,Engineer_degree,Education,0.6251001917643095
1,38,Stock_Trader,capital_market,0.6261751631462616
1,0,First_professional_degree,Education,0.6271007330525702
1,324,Scala,Computer_Programming,0.6284850002525031
1,157,DSENG03_DM1,Edison,0.6288875731241332
1,303,VirtualProductDevelopment,ProductDevelopment,0.6300826713350977
1,290,SPARQL,Databases,0.6325474328295513
1,8,Master_degree,Education,0.6327449708412292
1,228,DSENG03_DM4,Edison,0.6342860470685272
1,2,Bachelor_degree,Education,0.6360279192033704
1,216,DSDM03_DCAI,Edison,0.6365902142183711
1,17,Biomedicine,Biomedical,0.6368865495831058
1,188,DSRM04_SPIA,Edison,0.637120407929891
1,199,DSDK03_TROFITSPADMP,Edison,0.6372842805819867
1,154,DSDM04_DL,Edison,0.6382874191827741
1,210,DSDM03_DI3,Edison,0.6388035298498704
1,226,DSDM04_DG,Edison,0.6388691927165928
1,319,C++,Computer_Programming,0.6429040260660239
1,50,Personality-job_fit_theory,Recuting,0.6453548924821537
1,114,DSDM06_EORDM,Edison,0.6459185366702267
1,84,E-commerce_credit_card_payment_system,e-commerce,0.6465125633424313
1,111,SS,Research,0.6476043140820646
1,116,DSRM02_SS,Edison,0.6476043140820646
1,37,Finance,capital_market,0.6484101835445555
1,72,Oracle Data Mining,statistical_software,0.648666850573838
1,80,Oracle_Data_Mining,statistical_software,0.648666850573838
1,234,Oracle Data Mining,Software,0.648666850573838
1,242,Oracle_Data_Mining,Software,0.648666850573838
1,9,European_Joint_Master_degree_in_Economics,Education,0.6506060067873458
1,79,Software,statistical_software,0.65250168047467
1,241,Software,Software,0.65250168047467
1,46,DataAnalytics,Statistics,0.6527760955497744
1,123,DSDA02_DA,Edison,0.6527760955497744
1,196,DSDA04_DI,Edison,0.6528142978905155
1,97,UndergraduateResearch,Research,0.6530546843872198
1,169,DSDK03_SM,Edison,0.6545997031852997
1,250,Viral_marketing,Advertising,0.6546488141636175
1,126,DSENG04_DB3,Edison,0.655654516172298
1,294,DB3,Databases,0.655654516172298
1,6,Doctor_of_Philosophy,Education,0.6563186213214429
1,113,DSDM05_DP,Edison,0.6575622821885907
1,221,DSDM04_DS,Edison,0.6630626251581742
1,147,DSENG05_DS2,Edison,0.6653721734279157
1,245,Advertising,Advertising,0.6661654771638035
1,284,Data_mart,Databases,0.6699194428102766
1,31,Corporate_finance,capital_market,0.6703545331295695
1,311,C,Computer_Programming,0.671296142209673
1,52,Human_resource_management,Recuting,0.6714028371922687
1,300,Time_toMarket,ProductDevelopment,0.6721047684213673
1,190,DSENG04_DB5,Edison,0.6722034605541649
1,279,DB5,Databases,0.6722034605541649
1,309,RequirementsManagement,ProductDevelopment,0.673039225052071
1,276,MySQL,Databases,0.6731854883746144
1,156,DSDK05_ACD,Edison,0.6733976942522989
1,68,Git,statistical_software,0.6757797467075002
1,231,Git,Software,0.6757797467075002
1,55,Onboarding,Recuting,0.676221932527513
1,165,DSDM03_DI1,Edison,0.6786002080006235
1,166,DSRM04_SP,Edison,0.678983963603923
1,313,pbdR,Computer_Programming,0.6803156812560958
1,322,PHP,Computer_Programming,0.6806399512914677
1,144,DSDK06_Marketing,Edison,0.680892449944404
1,151,DSRM04_EAP,Edison,0.6827894898489983
1,191,DSDA06_SV,Edison,0.6846594669138156
1,323,System_programming,Computer_Programming,0.6854271388254896
1,148,DSDM03_DI2,Edison,0.6864233604460958
1,215,DSENG05_DS1,Edison,0.6886014656439365
1,249,Television_advertisement,Advertising,0.689497229498851
1,43,List_of_statistical_packages,Statistics,0.6898109076407668
1,142,DSDA02_LOSP,Edison,0.6898109076407668
1,22,List_of_statistical_packages,Math_Stats_tools,0.6904365424217163
1,69,List_of_statistical_packages,statistical_software,0.6904365424217163
1,163,DSENG02_CS,Edison,0.6935415808950096
1,87,Business communication,Business,0.7031464247534315
1,108,RM1,Research,0.7046202915654804
1,115,DSRM06_RM1,Edison,0.7046202915654804
1,135,DSRM01_RM1,Edison,0.7046202915654804
1,167,DSDK02_S,Edison,0.7051284249274965
1,61,Grid_computing,Distributed,0.7077945560153831
1,62,Grid computing,Distributed,0.7077945560153831
1,78,Mathematica,statistical_software,0.7100999351819126
1,240,Mathematica,Software,0.7100999351819126
1,96,ScholarlyMethod,Research,0.7114489900051832
1,308,Product,ProductDevelopment,0.7125848208094956
1,306,MarketPenetration,ProductDevelopment,0.7130036435717164
1,82,Online_marketplace,e-commerce,0.7158496197040197
1,307,Pro-innovation_bias,ProductDevelopment,0.7165958949134471
1,158,DSENG06_OR,Edison,0.7166815610744381
1,121,DSDM06_ELACIPR,Edison,0.7191658966310528
1,81,E-commerce,e-commerce,0.7197276795249108
1,289,Databases,Databases,0.7202240386254328
1,120,DSENG04_DB6,Edison,0.7263232415893133
1,280,DB6,Databases,0.7263232415893133
1,91,Job interview,Business,0.7263405865311194
1,224,DSDA05_DV,Edison,0.7274071710526414
1,56,Human_resource_consulting,Recuting,0.7317713811068902
1,244,MarketingMix,Advertising,0.7319458951084188
1,317,Objective-C,Computer_Programming,0.7331140336499805
1,153,DSDA04_DB3,Edison,0.7339199977089272
1,200,DSDM05_DS,Edison,0.7375650258239733
1,27,FinanceCapitalism,capital_market,0.7391587600073166
1,320,Java,Computer_Programming,0.7460276924739051
1,272,Apache_HBase,Databases,0.747286078886146
1,316,C_Sharp,Computer_Programming,0.7485641748163334
1,132,DSENG06_DB,Edison,0.7489315380807529
1,247,Interactive_advertising,Advertising,0.749559598099506
1,209,DSDM02_DBMS-DM,Edison,0.7506704198113315
1,302,productDevelopment,ProductDevelopment,0.7515388812914614
1,287,CouchDB,Databases,0.7518395311057694
1,159,DSDM03_DI5,Edison,0.7539788020081134
1,297,PostgreSQL,Databases,0.7542731574718344
1,42,6_BASIC_STATISTICAL_TOOLS,Statistics,0.7593878645001402
1,139,DSDA02_BST,Edison,0.7593878645001402
1,305,CAD,ProductDevelopment,0.760219862142856
1,54,Employment_agency,Recuting,0.7604582260473624
1,288,Oracle_Database,Databases,0.7672494053477864
1,86,Digital_economy,e-commerce,0.7706874372498475
1,83,Types_of_e-commerce,e-commerce,0.7729671294689378
1,33,Financial_market_efficiency,capital_market,0.7738344138544397
1,28,CapitalMarket,capital_market,0.7791631192978534
1,171,DSDM01_DMP,Edison,0.7804062725512362
1,25,Financial_services,capital_market,0.782688986938163
1,109,Primary_Research,Research,0.7849159822675756
1,30,Financial_instrument,capital_market,0.7893217258042583
1,273,MongoDB,Databases,0.7897552185851041
1,329,JavaScript,Computer_Programming,0.7901357041972417
1,95,Corporate communication,Business,0.7961146303182782
1,21,Lists_of_mathematics_topics,Math_Stats_tools,0.7991058255882879
1,172,DSENG04_DB1,Edison,0.8006999966114396
1,278,DB1,Databases,0.8006999966114396
1,184,DSDM06_EIIDM,Edison,0.8013503097701651
1,248,Meta-advertising,Advertising,0.8027755234526052
1,130,DSDM01_DMC,Edison,0.8042641025108908
1,74,MATLAB,statistical_software,0.8045769560222621
1,236,MATLAB,Software,0.8045769560222621
1,47,Summary_Table_for_Statistical_Techniques,Statistics,0.8086443694300353
1,325,PL-SQL,Computer_Programming,0.8097387325516245
1,195,DSDK03_SFM,Edison,0.8104997488773374
1,73,Octave,statistical_software,0.8135753508382608
1,235,Octave,Software,0.8135753508382608
1,32,Financial_market,capital_market,0.8141851296560826
1,124,DSENG04_DB2,Edison,0.8146482228635491
1,274,DB2,Databases,0.8146482228635491
1,321,Objective-J,Computer_Programming,0.8263766501605359
1,318,Ruby,Computer_Programming,0.8294551022064548
1,203,DSENG05_DS4,Edison,0.8308735287132907
1,331,Transact-SQL,Computer_Programming,0.8380533522795834
1,36,Stock_Exchange,capital_market,0.8398783647891398
1,34,FinancialRegulation,capital_market,0.8409762909388895
1,189,DSDM01_DM,Edison,0.8448420719017378
1,296,Elasticsearch,Databases,0.8473041217456244
1,225,DSENG03_DM2,Edison,0.8532790060010204
1,29,Mathematical_finance,capital_market,0.8625204787993124
1,301,New_product_development,ProductDevelopment,0.8625439514570185
1,138,DSDM01_WADMP,Edison,0.8643875825511503
1,4,Chemistry_Quality_Eurolabels,Education,0.8654601224479055
1,5,Terminal_degree,Education,0.8655197997746016
1,304,Product_life-CycleManagement,ProductDevelopment,0.8800672954887658
1,243,Co-marketing,Advertising,0.8835524592340599
1,162,DSDM01_DMSP,Edison,0.8921141933192002
1,39,A_Guide_to_Statistical_Techniques,Statistics,0.912719276496302
1,112,DSDM05_FDDTDC,Edison,0.9211920984244737
1,48,Executive_search_firms,Recuting,0.9292640737314803
1,145,DSENG06_LORS,Edison,0.9323625649400825
1,177,DSRM04_DSAAP,Edison,0.9339115439714146
1,53,Employment_agencies,Recuting,0.9353040240197653
1,51,Employment_websites,Recuting,0.955131533635522
2,207,DSENG06_BDAA,Edison,0.055626614982135836
2,90,Business Intelligence,Business,0.09298812377712606
2,194,DSDA03_AFDM,Edison,0.10123318866179953
2,170,DSDK02_HTDBDCS,Edison,0.11139301299729021
2,146,DSDK02_BDNPD,Edison,0.11274296404381423
2,118,DSDA05_Platforms3,Edison,0.1619702182749524
2,88,Business Management,Business,0.16391228349575448
2,220,DSENG03_DM5,Edison,0.16884064549451538
2,173,DSDA03_BDTA,Edison,0.18991954246438336
2,134,DSDK04_HBDATCHYO,Edison,0.19166312636435034
2,94,Business Model,Business,0.19408699260604667
2,175,DSDA04_DB1,Edison,0.2004512987490915
2,93,Service-oriented modeling,Business,0.20922276087946323
2,119,DSDK01_BPD,Edison,0.2231413357981602
2,199,DSDK03_TROFITSPADMP,Edison,0.24139919509263297
2,127,DSDA05_Platforms2,Edison,0.24609470191695237
2,180,DSDA05_Platforms1,Edison,0.2516676807978876
2,264,Predictive Analytics,Machine_Learning,0.25610599602838957
2,270,Predictive_Analytics,Machine_Learning,0.25610599602838957
2,262,Text mining,Machine_Learning,0.2584819366757255
2,265,Text_mining,Machine_Learning,0.2584819366757255
2,213,DSDA03_DA,Edison,0.258892004783277
2,92,Project management,Business,0.2652445964298631
2,188,DSRM04_SPIA,Edison,0.26992228451986144
2,59,Cloud_Computing,Distributed,0.28751105060847226
2,65,Cloud Computing,Distributed,0.28751105060847226
2,178,DSDK03_TSOMISFESATP,Edison,0.28871773494691655
2,256,Data_mining,Machine_Learning,0.2981843749107761
2,267,Data mining,Machine_Learning,0.2981843749107761
2,293,database,Databases,0.3144031806171391
2,251,Video_commerce,Advertising,0.3341665091143965
2,99,IsOperationsResearchReallyResearch,Research,0.33594756183036145
2,197,DSRM03_IORRR,Edison,0.33594756183036145
2,298,db,Databases,0.34205939926772866
2,227,DSENG05_SSM,Edison,0.3427840612448704
2,302,productDevelopment,ProductDevelopment,0.35056747310686476
2,179,DSDK04_ASI,Edison,0.35882740897631127
2,260,Categorization,Machine_Learning,0.3640506074838311
2,166,DSRM04_SP,Edison,0.3649448977653177
2,89,Business,Business,0.3658778744447674
2,143,DSDA05_BDAP,Edison,0.37737671729692224
2,257,Clustering,Machine_Learning,0.38050327875593526
2,183,DSDA05_CDV,Edison,0.3927450242201893
2,187,DSENG02_CS3,Edison,0.39453399462772654
2,246,Mobile_marketing,Advertising,0.3965855225067245
2,208,DSDA04_DB2,Edison,0.3975724637420085
2,57,Distributed Computing,Distributed,0.4025122020790014
2,63,Distributed_Computing,Distributed,0.4025122020790014
2,275,ODBMS,Databases,0.4072125622446898
2,277,RDBMS,Databases,0.41001267271745
2,291,NoSQL,Databases,0.41194094109905444
2,306,MarketPenetration,ProductDevelopment,0.4131827195050961
2,35,Investment_theory,capital_market,0.414128359237381
2,269,Classification,Machine_Learning,0.41721849427316604
2,192,DSDM06_IPRIDM,Edison,0.41970187414809546
2,144,DSDK06_Marketing,Edison,0.4224078797676749
2,44,Important_Methods_For_Statistical_Data_Analysis,Statistics,0.4243197581981042
2,136,DSDA02_IMFSDA,Edison,0.4243197581981042
2,214,DSENG04_RNRD,Edison,0.4343049145731498
2,292,DSENG04_Relational_non-relational_databases,Databases,0.4343049145731498
2,258,Machine learning,Machine_Learning,0.435369391744043
2,261,Machine_learning,Machine_Learning,0.435369391744043
2,110,FrascatiDefinitionofResearch,Research,0.4373055129810295
2,161,DSRM03_FDOR,Edison,0.4373055129810295
2,303,VirtualProductDevelopment,ProductDevelopment,0.44123867439891895
2,150,DSENG03_ATFDM,Edison,0.44655165830325316
2,85,Non-store_retailing,e-commerce,0.4470566225703272
2,64,Hadoop,Distributed,0.4528153257289549
2,326,Julia,Computer_Programming,0.4603101377260198
2,147,DSENG05_DS2,Edison,0.46364141212699195
2,60,Cloudera,Distributed,0.4647328493616003
2,215,DSENG05_DS1,Edison,0.4731999123027829
2,49,Executive_search,Recuting,0.4754386797054668
2,176,DSDM02_DM101,Edison,0.478762990814513
2,299,Data_warehouse,Databases,0.4841823806050265
2,58,Hortonworks,Distributed,0.4884281294347024
2,212,DSENG04_DB4,Edison,0.48884527569817093
2,283,DB4,Databases,0.48884527569817093
2,201,DSDA04_DB,Edison,0.4923611943774454
2,218,DSENG03_DM3,Edison,0.4936373839324635
2,117,DSENG06_AA,Edison,0.49459761733595287
2,205,DSDM05_DFM,Edison,0.4984517140620508
2,76,KNIME,statistical_software,0.4999240271824408
2,238,KNIME,Software,0.4999240271824408
2,252,Unsupervised_learning,Machine_Learning,0.5046146473434641
2,266,Unsupervised learning,Machine_Learning,0.5046146473434641
2,333,R,Computer_Programming,0.5054628397679359
2,198,DSDK01_BP,Edison,0.5070978920446618
2,151,DSRM04_EAP,Edison,0.5078071671135764
2,55,Onboarding,Recuting,0.5117203267991209
2,156,DSDK05_ACD,Edison,0.5127873963830295
2,169,DSDK03_SM,Edison,0.5155744843547307
2,222,DSRM06_Ing,Edison,0.5171247356349612
2,168,DSDM03_DI4,Edison,0.5201198063305226
2,129,DSDM01_DMCP,Edison,0.5218319007472466
2,223,DSDK04_AS,Edison,0.5245846212085253
2,66,SAS,statistical_software,0.5280264158437094
2,229,SAS,Software,0.5280264158437094
2,314,SAS,Computer_Programming,0.5280264158437094
2,137,DSDM02_DBM,Edison,0.5361467514669864
2,259,Information_Retrieval,Machine_Learning,0.5371235207037062
2,263,Information Retrieval,Machine_Learning,0.5371235207037062
2,181,DSRM06_DOI,Edison,0.5376047709217044
2,226,DSDM04_DG,Edison,0.5376398501251857
2,309,RequirementsManagement,ProductDevelopment,0.5389569241293145
2,107,RMO,Research,0.5400798951953275
2,174,DSRM05_RMO,Edison,0.5400798951953275
2,122,DSDK06_ADFM,Edison,0.541098297797217
2,133,DSDA01_PA,Edison,0.5422771829431595
2,141,DSRM06_TCAIPSIS,Edison,0.5437435550960203
2,327,Python,Computer_Programming,0.5447988035514666
2,254,Supervised_Learning,Machine_Learning,0.5450107953335386
2,255,Supervised Learning,Machine_Learning,0.5450107953335386
2,50,Personality-job_fit_theory,Recuting,0.5460200252393732
2,295,Database,Databases,0.548934235452553
2,328,Software_architecture,Computer_Programming,0.5524399020969428
2,125,DSDA03_HPACIDM,Edison,0.5545691255127159
2,19,_BiomedicalEngineers,Biomedical,0.5575494929967315
2,75,GATE,statistical_software,0.5596455337349545
2,237,GATE,Software,0.5596455337349545
2,152,DSENG02_CS1,Edison,0.564653401017652
2,16,BiomedicalEngineers2,Biomedical,0.5654633899657632
2,167,DSDK02_S,Edison,0.5673088016977218
2,253,Statistics,Machine_Learning,0.5690205760166951
2,196,DSDA04_DI,Edison,0.5745377957954613
2,202,DSDM02_DM,Edison,0.5754920949433694
2,38,Stock_Trader,capital_market,0.5762971085402513
2,300,Time_toMarket,ProductDevelopment,0.577512768605666
2,332,Software_developer,Computer_Programming,0.5782962203435318
2,285,Microsoft_SQL_Server,Databases,0.5801959952579361
2,70,SPSS,statistical_software,0.5831298292830415
2,232,SPSS,Software,0.5831298292830415
2,40,StatisticalTechniques,Statistics,0.5846157175235329
2,155,DSDA02_ST,Edison,0.5846157175235329
2,100,Secondary_research,Research,0.585252685163911
2,250,Viral_marketing,Advertising,0.5860998951667673
2,228,DSENG03_DM4,Edison,0.5894040995314317
2,31,Corporate_finance,capital_market,0.5924162744136632
2,210,DSDM03_DI3,Edison,0.5933555113654194
2,281,Database2,Databases,0.5947377965864474
2,286,IBM_DB2,Databases,0.5956765640631154
2,315,Programmer,Computer_Programming,0.597000343009759
2,67,JMP,statistical_software,0.5994718261280918
2,230,JMP,Software,0.5994718261280918
2,113,DSDM05_DP,Edison,0.6003196790350391
2,45,Correlation,Statistics,0.603622893240886
2,140,DSDA02_CoR,Edison,0.603622893240886
2,24,Math_Stats_tools,Math_Stats_tools,0.6088004549327181
2,103,DSRM01_Scientific_method,Research,0.6092887668582437
2,193,DSRM01_SM,Edison,0.6092887668582437
2,158,DSENG06_OR,Edison,0.615298693311542
2,102,RM3,Research,0.6174531971680158
2,219,DSRM01_RM3,Edison,0.6174531971680158
2,126,DSENG04_DB3,Edison,0.6204038761911486
2,294,DB3,Databases,0.6204038761911486
2,165,DSDM03_DI1,Edison,0.6210975226194575
2,84,E-commerce_credit_card_payment_system,e-commerce,0.6216330836433578
2,91,Job interview,Business,0.621749974636641
2,284,Data_mart,Databases,0.6256481562682573
2,77,Waffles,statistical_software,0.6257350285047079
2,239,Waffles,Software,0.6257350285047079
2,182,DSDM04_DA,Edison,0.6262185079618128
2,310,C--,Computer_Programming,0.6262207797047584
2,105,DSRM02_Systematic_study,Research,0.626863409214248
2,149,DSRM02_SysS,Edison,0.626863409214248
2,244,MarketingMix,Advertising,0.6327384461572874
2,334,Computer_network,Computer_Programming,0.6335529806494173
2,164,DSDA04_DB4,Edison,0.6356444569782536
2,114,DSDM06_EORDM,Edison,0.6384981997867867
2,211,DSDA06_DVT,Edison,0.6388865535136933
2,216,DSDM03_DCAI,Edison,0.6398610002239435
2,87,Business communication,Business,0.6477188939576454
2,111,SS,Research,0.648584482082083
2,116,DSRM02_SS,Edison,0.648584482082083
2,217,DSRM06_SM,Edison,0.6506058162153154
2,157,DSENG03_DM1,Edison,0.6533934857305882
2,282,MonetDB,Databases,0.6559959250282088
2,52,Human_resource_management,Recuting,0.6563811412901411
2,312,Computer_Programming,Computer_Programming,0.6572498797801556
2,204,DSENG01_EP,Edison,0.6585149827887342
2,37,Finance,capital_market,0.6624597625032204
2,26,Financial_economics,capital_market,0.6630919028431062
2,98,RM2,Research,0.6699994092511348
2,185,DSRM01_RM2,Edison,0.6699994092511348
2,106,DSRM06_Contribute_research_objectives,Research,0.6728426097644086
2,186,DSRM05_CRO,Edison,0.6728426097644086
2,104,RM4,Research,0.6740458066048318
2,128,DSRM01_RM4,Edison,0.6740458066048318
2,245,Advertising,Advertising,0.6749546629320606
2,148,DSDM03_DI2,Edison,0.6762909427934252
2,290,SPARQL,Databases,0.6764705548529371
2,154,DSDM04_DL,Edison,0.6812117654289829
2,71,Weka,statistical_software,0.6907439712233492
2,233,Weka,Software,0.6907439712233492
2,268,Statistical method,Machine_Learning,0.6966157374629609
2,271,Statistical_method,Machine_Learning,0.6966157374629609
2,81,E-commerce,e-commerce,0.6986895028858304
2,46,DataAnalytics,Statistics,0.7029771843266588
2,123,DSDA02_DA,Edison,0.7029771843266588
2,23,Mathematics,Math_Stats_tools,0.7053369665825528
2,132,DSENG06_DB,Edison,0.7062510189215943
2,56,Human_resource_consulting,Recuting,0.7069292780379817
2,82,Online_marketplace,e-commerce,0.7077121887916442
2,160,DSENG02_CS2,Edison,0.7090805808821807
2,20,Statistics,Math_Stats_tools,0.7102444016306384
2,41,Statistics,Statistics,0.7102444016306384
2,131,DSDA02_Stat,Edison,0.7102444016306384
2,79,Software,statistical_software,0.7107983955051301
2,241,Software,Software,0.7107983955051301
2,276,MySQL,Databases,0.7173018850973258
2,308,Product,ProductDevelopment,0.7182769702282921
2,95,Corporate communication,Business,0.7202029469314606
2,68,Git,statistical_software,0.7230098657610181
2,231,Git,Software,0.7230098657610181
2,101,RM5,Research,0.7271726135867433
2,206,DSRM01_RM5,Edison,0.7271726135867433
2,247,Interactive_advertising,Advertising,0.7325450486826933
2,190,DSENG04_DB5,Edison,0.7326895184287143
2,279,DB5,Databases,0.7326895184287143
2,203,DSENG05_DS4,Edison,0.733180226049077
2,200,DSDM05_DS,Edison,0.7360171760206481
2,61,Grid_computing,Distributed,0.7389059681999397
2,62,Grid computing,Distributed,0.7389059681999397
2,72,Oracle Data Mining,statistical_software,0.7411738115784771
2,80,Oracle_Data_Mining,statistical_software,0.7411738115784771
2,234,Oracle Data Mining,Software,0.7411738115784771
2,242,Oracle_Data_Mining,Software,0.7411738115784771
2,121,DSDM06_ELACIPR,Edison,0.7426732191795293
2,195,DSDK03_SFM,Edison,0.7454064678246766
2,319,C++,Computer_Programming,0.7548877942175293
2,18,BiomedicalEngineering,Biomedical,0.7554813370971516
2,33,Financial_market_efficiency,capital_market,0.7565575780541222
2,191,DSDA06_SV,Edison,0.756589274980394
2,28,CapitalMarket,capital_market,0.7567420689426778
2,289,Databases,Databases,0.7583996013732576
2,221,DSDM04_DS,Edison,0.761937067164238
2,323,System_programming,Computer_Programming,0.7633937473422077
2,17,Biomedicine,Biomedical,0.7654403094526168
2,25,Financial_services,capital_market,0.766827207745745
2,324,Scala,Computer_Programming,0.7701822555733764
2,322,PHP,Computer_Programming,0.7716649261364494
2,224,DSDA05_DV,Edison,0.7804831194623387
2,311,C,Computer_Programming,0.7829104630697763
2,83,Types_of_e-commerce,e-commerce,0.7831974358036694
2,153,DSDA04_DB3,Edison,0.7992206421856859
2,171,DSDM01_DMP,Edison,0.8021721777120334
2,108,RM1,Research,0.8064019140811212
2,115,DSRM06_RM1,Edison,0.8064019140811212
2,135,DSRM01_RM1,Edison,0.8064019140811212
2,86,Digital_economy,e-commerce,0.8079395865449281
2,288,Oracle_Database,Databases,0.8095170197845472
2,330,Software_engineer,Computer_Programming,0.8100569005973723
2,249,Television_advertisement,Advertising,0.8101508938126006
2,272,Apache_HBase,Databases,0.8141274881813776
2,32,Financial_market,capital_market,0.8147071135853126
2,287,CouchDB,Databases,0.8157084880707388
2,313,pbdR,Computer_Programming,0.8166384868969414
2,209,DSDM02_DBMS-DM,Edison,0.8190831056727437
2,305,CAD,ProductDevelopment,0.8195165881451243
2,297,PostgreSQL,Databases,0.8215731459795312
2,159,DSDM03_DI5,Edison,0.8226294402733589
2,130,DSDM01_DMC,Edison,0.82842762588788
2,307,Pro-innovation_bias,ProductDevelopment,0.8287121700518147
2,273,MongoDB,Databases,0.833379164107197
2,317,Objective-C,Computer_Programming,0.8412248719192152
2,54,Employment_agency,Recuting,0.8443771032303082
2,30,Financial_instrument,capital_market,0.8463292227413255
2,27,FinanceCapitalism,capital_market,0.8491600143063138
2,78,Mathematica,statistical_software,0.8520926670917893
2,240,Mathematica,Software,0.8520926670917893
2,172,DSENG04_DB1,Edison,0.8584184154660482
2,278,DB1,Databases,0.8584184154660482
2,96,ScholarlyMethod,Research,0.8590223202573157
2,320,Java,Computer_Programming,0.8606854248399078
2,109,Primary_Research,Research,0.8609355189682526
2,316,C_Sharp,Computer_Programming,0.8649139235688708
2,184,DSDM06_EIIDM,Edison,0.8661230847515703
2,304,Product_life-CycleManagement,ProductDevelopment,0.8689079281568524
2,301,New_product_development,ProductDevelopment,0.8722487455868377
2,97,UndergraduateResearch,Research,0.875259155165129
2,189,DSDM01_DM,Edison,0.8771652145543657
2,163,DSENG02_CS,Edison,0.8861259914280963
2,120,DSENG04_DB6,Edison,0.8877399452688963
2,280,DB6,Databases,0.8877399452688963
2,248,Meta-advertising,Advertising,0.8925296977185784
2,36,Stock_Exchange,capital_market,0.8978928076822636
2,329,JavaScript,Computer_Programming,0.8982130617909756
2,12,Graduate_school,Education,0.9033993104024645
2,43,List_of_statistical_packages,Statistics,0.9034159084383806
2,142,DSDA02_LOSP,Edison,0.9034159084383806
2,138,DSDM01_WADMP,Edison,0.9038137859993468
2,22,List_of_statistical_packages,Math_Stats_tools,0.9039457940547393
2,69,List_of_statistical_packages,statistical_software,0.9039457940547393
2,325,PL-SQL,Computer_Programming,0.9121865096321357
2,42,6_BASIC_STATISTICAL_TOOLS,Statistics,0.9130856557012318
2,139,DSDA02_BST,Edison,0.9130856557012318
2,34,FinancialRegulation,capital_market,0.9145472428518123
2,225,DSENG03_DM2,Edison,0.9235312050218594
2,331,Transact-SQL,Computer_Programming,0.9284802061120604
2,296,Elasticsearch,Databases,0.9439612853258521
2,14,Professional_Science_Master's_Degree,Education,0.9450866161944026
2,318,Ruby,Computer_Programming,0.9475296201719957
2,321,Objective-J,Computer_Programming,0.9515127405674849
2,124,DSENG04_DB2,Edison,0.9516177776990459
2,274,DB2,Databases,0.9516177776990459
2,9,European_Joint_Master_degree_in_Economics,Education,0.9570625264885005
2,73,Octave,statistical_software,0.9596520597020247
2,235,Octave,Software,0.9596520597020247
2,243,Co-marketing,Advertising,0.9597636508878922
2,74,MATLAB,statistical_software,0.965518799573364
2,236,MATLAB,Software,0.965518799573364
2,11,Educational_specialist,Education,0.9720281999303637
2,162,DSDM01_DMSP,Edison,0.9752519199937261
2,29,Mathematical_finance,capital_market,0.9764321391940506
2,21,Lists_of_mathematics_topics,Math_Stats_tools,0.979702140236833
2,13,Master_of_Engineering,Education,0.9925270452615851
2,47,Summary_Table_for_Statistical_Techniques,Statistics,0.998301130701635
2,15,Master_of_Laws,Education,1.0020492531912912
2,112,DSDM05_FDDTDC,Edison,1.003159071923665
2,177,DSRM04_DSAAP,Edison,1.0062025404598132
2,39,A_Guide_to_Statistical_Techniques,Statistics,1.016865134280774
2,0,First_professional_degree,Education,1.0214421091566086
2,8,Master_degree,Education,1.0224863539510762
2,6,Doctor_of_Philosophy,Education,1.0235936913828074
2,145,DSENG06_LORS,Edison,1.0244290591609846
2,2,Bachelor_degree,Education,1.0312100646672442
2,48,Executive_search_firms,Recuting,1.0357047313205585
2,53,Employment_agencies,Recuting,1.0399100754611064
2,5,Terminal_degree,Education,1.043275869133097
2,7,Master_of_Science,Education,1.048762623270657
2,51,Employment_websites,Recuting,1.0572783693621899
2,4,Chemistry_Quality_Eurolabels,Education,1.0626338555213637
2,10,Engineer_degree,Education,1.063084897390911
2,1,Master's_degree_in_Europe,Education,1.063612776901695
2,3,Master_of_Applied_Science,Education,1.0753408414360706
3,99,IsOperationsResearchReallyResearch,Research,0.18413201443525107
3,197,DSRM03_IORRR,Edison,0.18413201443525107
3,173,DSDA03_BDTA,Edison,0.1864011055350404
3,207,DSENG06_BDAA,Edison,0.2037277079005102
3,220,DSENG03_DM5,Edison,0.2059016651747838
3,175,DSDA04_DB1,Edison,0.22369167561403114
3,170,DSDK02_HTDBDCS,Edison,0.22513364807873748
3,194,DSDA03_AFDM,Edison,0.23101954061191443
3,187,DSENG02_CS3,Edison,0.24638798560586583
3,90,Business Intelligence,Business,0.24852739316447126
3,146,DSDK02_BDNPD,Edison,0.2487287941413372
3,262,Text mining,Machine_Learning,0.24897714496221668
3,265,Text_mining,Machine_Learning,0.24897714496221668
3,94,Business Model,Business,0.28381402773913245
3,260,Categorization,Machine_Learning,0.2840310432802453
3,88,Business Management,Business,0.2845030808835982
3,264,Predictive Analytics,Machine_Learning,0.29358861199045816
3,270,Predictive_Analytics,Machine_Learning,0.29358861199045816
3,188,DSRM04_SPIA,Edison,0.31312625839479236
3,93,Service-oriented modeling,Business,0.3183413634875152
3,110,FrascatiDefinitionofResearch,Research,0.31961168089416114
3,161,DSRM03_FDOR,Edison,0.31961168089416114
3,256,Data_mining,Machine_Learning,0.32311260589324575
3,267,Data mining,Machine_Learning,0.32311260589324575
3,258,Machine learning,Machine_Learning,0.3252536936999547
3,261,Machine_learning,Machine_Learning,0.3252536936999547
3,269,Classification,Machine_Learning,0.3282022350142553
3,213,DSDA03_DA,Edison,0.33544443369983334
3,92,Project management,Business,0.34160338092277176
3,134,DSDK04_HBDATCHYO,Edison,0.34194550375106136
3,118,DSDA05_Platforms3,Edison,0.3419949262708637
3,178,DSDK03_TSOMISFESATP,Edison,0.3442741639994752
3,199,DSDK03_TROFITSPADMP,Edison,0.357441814465954
3,251,Video_commerce,Advertising,0.35779831703686726
3,183,DSDA05_CDV,Edison,0.3599438690387582
3,119,DSDK01_BPD,Edison,0.3739164051502706
3,89,Business,Business,0.37886291782802006
3,257,Clustering,Machine_Learning,0.38720871363625153
3,152,DSENG02_CS1,Edison,0.38832830739388335
3,141,DSRM06_TCAIPSIS,Edison,0.39350739375218957
3,127,DSDA05_Platforms2,Edison,0.39585946468884015
3,252,Unsupervised_learning,Machine_Learning,0.41088827264041516
3,266,Unsupervised learning,Machine_Learning,0.41088827264041516
3,166,DSRM04_SP,Edison,0.41275395857401886
3,246,Mobile_marketing,Advertising,0.41453673458920703
3,57,Distributed Computing,Distributed,0.41736785879829674
3,63,Distributed_Computing,Distributed,0.41736785879829674
3,107,RMO,Research,0.42111502119005084
3,174,DSRM05_RMO,Edison,0.42111502119005084
3,19,_BiomedicalEngineers,Biomedical,0.4214772469133514
3,85,Non-store_retailing,e-commerce,0.42919796284194933
3,35,Investment_theory,capital_market,0.43276223842356154
3,222,DSRM06_Ing,Edison,0.4341913038226597
3,16,BiomedicalEngineers2,Biomedical,0.4350621813458274
3,44,Important_Methods_For_Statistical_Data_Analysis,Statistics,0.43617102052223233
3,136,DSDA02_IMFSDA,Edison,0.43617102052223233
3,298,db,Databases,0.4379876199502173
3,59,Cloud_Computing,Distributed,0.438708208680468
3,65,Cloud Computing,Distributed,0.438708208680468
3,104,RM4,Research,0.44645423213512225
3,128,DSRM01_RM4,Edison,0.44645423213512225
3,179,DSDK04_ASI,Edison,0.4480611118294786
3,150,DSENG03_ATFDM,Edison,0.45465536794931016
3,180,DSDA05_Platforms1,Edison,0.4590503235040865
3,253,Statistics,Machine_Learning,0.45944867316832994
3,49,Executive_search,Recuting,0.46159472133566515
3,302,productDevelopment,ProductDevelopment,0.46214499286976096
3,100,Secondary_research,Research,0.46393741359140994
3,102,RM3,Research,0.4714361168226986
3,219,DSRM01_RM3,Edison,0.4714361168226986
3,293,database,Databases,0.4727001532658013
3,306,MarketPenetration,ProductDevelopment,0.4755375157505318
3,326,Julia,Computer_Programming,0.4796427024314597
3,181,DSRM06_DOI,Edison,0.4805568693067933
3,192,DSDM06_IPRIDM,Edison,0.4836361441615258
3,55,Onboarding,Recuting,0.4886183008386411
3,217,DSRM06_SM,Edison,0.49027484591856585
3,275,ODBMS,Databases,0.49039606664103663
3,218,DSENG03_DM3,Edison,0.4906712986955174
3,227,DSENG05_SSM,Edison,0.4910211559420964
3,144,DSDK06_Marketing,Edison,0.4915701411244129
3,254,Supervised_Learning,Machine_Learning,0.49705823134812144
3,255,Supervised Learning,Machine_Learning,0.49705823134812144
3,111,SS,Research,0.4984770183435926
3,116,DSRM02_SS,Edison,0.4984770183435926
3,327,Python,Computer_Programming,0.5002496560761126
3,223,DSDK04_AS,Edison,0.5026886685363039
3,303,VirtualProductDevelopment,ProductDevelopment,0.5093541517046565
3,103,DSRM01_Scientific_method,Research,0.5112818965013766
3,193,DSRM01_SM,Edison,0.5112818965013766
3,333,R,Computer_Programming,0.5118419057067034
3,259,Information_Retrieval,Machine_Learning,0.5158223834997954
3,263,Information Retrieval,Machine_Learning,0.5158223834997954
3,277,RDBMS,Databases,0.5167563964476314
3,50,Personality-job_fit_theory,Recuting,0.5198791012910253
3,208,DSDA04_DB2,Edison,0.5209317262037821
3,23,Mathematics,Math_Stats_tools,0.5230578396199006
3,91,Job interview,Business,0.528181587045442
3,122,DSDK06_ADFM,Edison,0.5283300333942595
3,38,Stock_Trader,capital_market,0.5295706200233844
3,98,RM2,Research,0.5314696996186197
3,185,DSRM01_RM2,Edison,0.5314696996186197
3,204,DSENG01_EP,Edison,0.5326296676375051
3,176,DSDM02_DM101,Edison,0.534754319213117
3,106,DSRM06_Contribute_research_objectives,Research,0.5382801227466062
3,186,DSRM05_CRO,Edison,0.5382801227466062
3,291,NoSQL,Databases,0.5392386420676534
3,212,DSENG04_DB4,Edison,0.5409813124168472
3,283,DB4,Databases,0.5409813124168472
3,169,DSDK03_SM,Edison,0.5427737486620654
3,105,DSRM02_Systematic_study,Research,0.5448179102049792
3,149,DSRM02_SysS,Edison,0.5448179102049792
3,151,DSRM04_EAP,Edison,0.5458467249702383
3,214,DSENG04_RNRD,Edison,0.5469403982269125
3,292,DSENG04_Relational_non-relational_databases,Databases,0.5469403982269125
3,315,Programmer,Computer_Programming,0.5499812734211652
3,75,GATE,statistical_software,0.5523482132813549
3,237,GATE,Software,0.5523482132813549
3,76,KNIME,statistical_software,0.5562220920536611
3,238,KNIME,Software,0.5562220920536611
3,66,SAS,statistical_software,0.5567374160106111
3,229,SAS,Software,0.5567374160106111
3,314,SAS,Computer_Programming,0.5567374160106111
3,12,Graduate_school,Education,0.5568163585245841
3,45,Correlation,Statistics,0.5578798706108423
3,140,DSDA02_CoR,Edison,0.5578798706108423
3,133,DSDA01_PA,Edison,0.5584630808128187
3,198,DSDK01_BP,Edison,0.5596291017991719
3,250,Viral_marketing,Advertising,0.5602024291282337
3,70,SPSS,statistical_software,0.5634313297501412
3,232,SPSS,Software,0.5634313297501412
3,332,Software_developer,Computer_Programming,0.5643547308891934
3,101,RM5,Research,0.5649691997109574
3,206,DSRM01_RM5,Edison,0.5649691997109574
3,147,DSENG05_DS2,Edison,0.568181881269824
3,205,DSDM05_DFM,Edison,0.5705099487525853
3,300,Time_toMarket,ProductDevelopment,0.5744932504651805
3,67,JMP,statistical_software,0.5756388710439154
3,230,JMP,Software,0.5756388710439154
3,125,DSDA03_HPACIDM,Edison,0.5788092545750693
3,328,Software_architecture,Computer_Programming,0.5788813798390157
3,18,BiomedicalEngineering,Biomedical,0.579646680742594
3,64,Hadoop,Distributed,0.5798530421569321
3,201,DSDA04_DB,Edison,0.5799367776448539
3,309,RequirementsManagement,ProductDevelopment,0.5826394135844453
3,143,DSDA05_BDAP,Edison,0.5842045381363576
3,215,DSENG05_DS1,Edison,0.589629889803377
3,117,DSENG06_AA,Edison,0.5930075769544497
3,168,DSDM03_DI4,Edison,0.5947665156103616
3,77,Waffles,statistical_software,0.597180502706832
3,239,Waffles,Software,0.597180502706832
3,60,Cloudera,Distributed,0.5974955877480388
3,58,Hortonworks,Distributed,0.6014172883924058
3,40,StatisticalTechniques,Statistics,0.601686153336688
3,155,DSDA02_ST,Edison,0.601686153336688
3,52,Human_resource_management,Recuting,0.6028238920355389
3,24,Math_Stats_tools,Math_Stats_tools,0.6029714172327649
3,310,C--,Computer_Programming,0.6037138882828478
3,87,Business communication,Business,0.6042828253138074
3,299,Data_warehouse,Databases,0.606011230604105
3,129,DSDM01_DMCP,Edison,0.6084567179567545
3,31,Corporate_finance,capital_market,0.6101952455411717
3,156,DSDK05_ACD,Edison,0.610596712942025
3,137,DSDM02_DBM,Edison,0.6112192059678233
3,160,DSENG02_CS2,Edison,0.6117435587264939
3,26,Financial_economics,capital_market,0.6149252109455456
3,113,DSDM05_DP,Edison,0.6152375346265591
3,226,DSDM04_DG,Edison,0.6169922941718078
3,245,Advertising,Advertising,0.6194063509299796
3,20,Statistics,Math_Stats_tools,0.6199910777010775
3,41,Statistics,Statistics,0.6199910777010775
3,131,DSDA02_Stat,Edison,0.6199910777010775
3,312,Computer_Programming,Computer_Programming,0.6202613269208457
3,11,Educational_specialist,Education,0.6212583666025426
3,295,Database,Databases,0.6233288622911826
3,114,DSDM06_EORDM,Edison,0.6244110530749298
3,211,DSDA06_DVT,Edison,0.6250123224318097
3,228,DSENG03_DM4,Edison,0.6262033827037563
3,37,Finance,capital_market,0.6262435185988948
3,84,E-commerce_credit_card_payment_system,e-commerce,0.6332186003957082
3,281,Database2,Databases,0.6371352611924395
3,334,Computer_network,Computer_Programming,0.6389661293943558
3,182,DSDM04_DA,Edison,0.6396781201549333
3,157,DSENG03_DM1,Edison,0.6399548264584423
3,202,DSDM02_DM,Edison,0.6438591105911171
3,244,MarketingMix,Advertising,0.6464982307657847
3,97,UndergraduateResearch,Research,0.6474897947533655
3,167,DSDK02_S,Edison,0.6494223097346017
3,330,Software_engineer,Computer_Programming,0.6624877229598602
3,3,Master_of_Applied_Science,Education,0.663605639172963
3,268,Statistical method,Machine_Learning,0.6670314462734617
3,271,Statistical_method,Machine_Learning,0.6670314462734617
3,13,Master_of_Engineering,Education,0.670695905001956
3,15,Master_of_Laws,Education,0.6771659660067177
3,210,DSDM03_DI3,Edison,0.6790429972193776
3,286,IBM_DB2,Databases,0.6813239198520102
3,17,Biomedicine,Biomedical,0.6839141089576
3,14,Professional_Science_Master's_Degree,Education,0.6863230713790798
3,164,DSDA04_DB4,Edison,0.6894787938549711
3,196,DSDA04_DI,Edison,0.6895533110295232
3,285,Microsoft_SQL_Server,Databases,0.6900267820940386
3,81,E-commerce,e-commerce,0.6902452844348765
3,71,Weka,statistical_software,0.6949293667364594
3,233,Weka,Software,0.6949293667364594
3,56,Human_resource_consulting,Recuting,0.6968323329469788
3,79,Software,statistical_software,0.69696953866286
3,241,Software,Software,0.69696953866286
3,216,DSDM03_DCAI,Edison,0.7032655623489121
3,7,Master_of_Science,Education,0.7076647848157405
3,154,DSDM04_DL,Edison,0.7078532737449676
3,290,SPARQL,Databases,0.7083744677375732
3,284,Data_mart,Databases,0.708405481677322
3,221,DSDM04_DS,Edison,0.7091369947797793
3,165,DSDM03_DI1,Edison,0.7093279984839069
3,126,DSENG04_DB3,Edison,0.7102726362130443
3,294,DB3,Databases,0.7102726362130443
3,158,DSENG06_OR,Edison,0.7115830243297674
3,249,Television_advertisement,Advertising,0.7127870391750832
3,282,MonetDB,Databases,0.7135379579383452
3,247,Interactive_advertising,Advertising,0.7152379307948367
3,82,Online_marketplace,e-commerce,0.7177712244098896
3,308,Product,ProductDevelopment,0.7184018151323506
3,108,RM1,Research,0.7186033990702747
3,115,DSRM06_RM1,Edison,0.7186033990702747
3,135,DSRM01_RM1,Edison,0.7186033990702747
3,95,Corporate communication,Business,0.7223742182543151
3,46,DataAnalytics,Statistics,0.7249608592930087
3,123,DSDA02_DA,Edison,0.7249608592930087
3,148,DSDM03_DI2,Edison,0.7272184928343661
3,0,First_professional_degree,Education,0.7282243035940179
3,1,Master's_degree_in_Europe,Education,0.7336937415937923
3,121,DSDM06_ELACIPR,Edison,0.7354940475040104
3,319,C++,Computer_Programming,0.7362651419090152
3,2,Bachelor_degree,Education,0.7394758714593357
3,10,Engineer_degree,Education,0.7415480610333367
3,132,DSENG06_DB,Edison,0.7430631937656007
3,8,Master_degree,Education,0.7439795632333117
3,28,CapitalMarket,capital_market,0.7446877134951706
3,324,Scala,Computer_Programming,0.7493943457979617
3,6,Doctor_of_Philosophy,Education,0.7506082148842327
3,54,Employment_agency,Recuting,0.753881112320883
3,68,Git,statistical_software,0.7569284546972019
3,231,Git,Software,0.7569284546972019
3,307,Pro-innovation_bias,ProductDevelopment,0.7596441470961841
3,61,Grid_computing,Distributed,0.7598116349136084
3,62,Grid computing,Distributed,0.7598116349136084
3,33,Financial_market_efficiency,capital_market,0.7601818481198088
3,323,System_programming,Computer_Programming,0.7611745409530674
3,191,DSDA06_SV,Edison,0.7636077412054936
3,276,MySQL,Databases,0.7639122413957298
3,190,DSENG04_DB5,Edison,0.7650943084915577
3,279,DB5,Databases,0.7650943084915577
3,96,ScholarlyMethod,Research,0.7684408176151644
3,311,C,Computer_Programming,0.7704129726025811
3,25,Financial_services,capital_market,0.7738008508657224
3,9,European_Joint_Master_degree_in_Economics,Education,0.7764408675802673
3,322,PHP,Computer_Programming,0.7805048968011989
3,195,DSDK03_SFM,Edison,0.7821701406357114
3,200,DSDM05_DS,Edison,0.7833286291648998
3,224,DSDA05_DV,Edison,0.783765337989118
3,27,FinanceCapitalism,capital_market,0.7852425555261922
3,72,Oracle Data Mining,statistical_software,0.7857986580872423
3,80,Oracle_Data_Mining,statistical_software,0.7857986580872423
3,234,Oracle Data Mining,Software,0.7857986580872423
3,242,Oracle_Data_Mining,Software,0.7857986580872423
3,86,Digital_economy,e-commerce,0.7906665003561211
3,109,Primary_Research,Research,0.8046815378542508
3,203,DSENG05_DS4,Edison,0.8087591429997477
3,32,Financial_market,capital_market,0.8125524503461676
3,163,DSENG02_CS,Edison,0.8134591161579197
3,305,CAD,ProductDevelopment,0.8139684368696057
3,313,pbdR,Computer_Programming,0.8139871769521312
3,30,Financial_instrument,capital_market,0.8158328016893777
3,83,Types_of_e-commerce,e-commerce,0.8179078528235764
3,317,Objective-C,Computer_Programming,0.8258311818447932
3,171,DSDM01_DMP,Edison,0.8274053378178222
3,153,DSDA04_DB3,Edison,0.8274207707293406
3,120,DSENG04_DB6,Edison,0.8284950212897331
3,280,DB6,Databases,0.8284950212897331
3,78,Mathematica,statistical_software,0.8371602005634327
3,240,Mathematica,Software,0.8371602005634327
3,297,PostgreSQL,Databases,0.8383599274785737
3,209,DSDM02_DBMS-DM,Edison,0.8386311300313809
3,287,CouchDB,Databases,0.8423645801248356
3,159,DSDM03_DI5,Edison,0.8431615177155627
3,272,Apache_HBase,Databases,0.8474273316225582
3,184,DSDM06_EIIDM,Edison,0.8479838713489662
3,248,Meta-advertising,Advertising,0.8518926399695949
3,320,Java,Computer_Programming,0.8525137653412947
3,316,C_Sharp,Computer_Programming,0.853168368080233
3,36,Stock_Exchange,capital_market,0.8562983259056607
3,288,Oracle_Database,Databases,0.8571448025254451
3,273,MongoDB,Databases,0.8607034213069358
3,130,DSDM01_DMC,Edison,0.8609413208528558
3,43,List_of_statistical_packages,Statistics,0.8635468087463578
3,142,DSDA02_LOSP,Edison,0.8635468087463578
3,22,List_of_statistical_packages,Math_Stats_tools,0.8639479260284078
3,69,List_of_statistical_packages,statistical_software,0.8639479260284078
3,301,New_product_development,ProductDevelopment,0.8748363734718865
3,289,Databases,Databases,0.875243179877994
3,304,Product_life-CycleManagement,ProductDevelopment,0.8791844814722197
3,42,6_BASIC_STATISTICAL_TOOLS,Statistics,0.8840755523449034
3,139,DSDA02_BST,Edison,0.8840755523449034
3,34,FinancialRegulation,capital_market,0.8856198578764753
3,172,DSENG04_DB1,Edison,0.8880573580756597
3,278,DB1,Databases,0.8880573580756597
3,329,JavaScript,Computer_Programming,0.8907344524171026
3,189,DSDM01_DM,Edison,0.9076980159796378
3,325,PL-SQL,Computer_Programming,0.9110418173281543
3,124,DSENG04_DB2,Edison,0.9180677937613725
3,274,DB2,Databases,0.9180677937613725
3,225,DSENG03_DM2,Edison,0.9210037883698216
3,138,DSDM01_WADMP,Edison,0.9227721464818681
3,318,Ruby,Computer_Programming,0.9235182447887712
3,331,Transact-SQL,Computer_Programming,0.9240687255054485
3,21,Lists_of_mathematics_topics,Math_Stats_tools,0.9290136455137724
3,73,Octave,statistical_software,0.9340568211565828
3,235,Octave,Software,0.9340568211565828
3,321,Objective-J,Computer_Programming,0.9341983086874772
3,74,MATLAB,statistical_software,0.9377690426995381
3,236,MATLAB,Software,0.9377690426995381
3,296,Elasticsearch,Databases,0.9419283525425063
3,243,Co-marketing,Advertising,0.9421777765370448
3,29,Mathematical_finance,capital_market,0.951650231583505
3,47,Summary_Table_for_Statistical_Techniques,Statistics,0.9627540584260365
3,5,Terminal_degree,Education,0.9635124600227077
3,162,DSDM01_DMSP,Edison,0.967921010878882
3,4,Chemistry_Quality_Eurolabels,Education,0.9729226425920907
3,112,DSDM05_FDDTDC,Edison,0.9908525334637406
3,177,DSRM04_DSAAP,Edison,0.9936677348517642
3,39,A_Guide_to_Statistical_Techniques,Statistics,0.9956676671676874
3,53,Employment_agencies,Recuting,1.0164120722864012
3,48,Executive_search_firms,Recuting,1.0174485083992382
3,145,DSENG06_LORS,Edison,1.020365799110398
3,51,Employment_websites,Recuting,1.041199939130408
4,262,Text mining,Machine_Learning,0.14602806407227154
4,265,Text_mining,Machine_Learning,0.14602806407227154
4,90,Business Intelligence,Business,0.1567238032373084
4,220,DSENG03_DM5,Edison,0.15998460462822106
4,93,Service-oriented modeling,Business,0.16266761098224114
4,194,DSDA03_AFDM,Edison,0.17296320448736724
4,118,DSDA05_Platforms3,Edison,0.17699799317540033
4,88,Business Management,Business,0.17757925413027853
4,94,Business Model,Business,0.19722683783324801
4,187,DSENG02_CS3,Edison,0.20451908579270783
4,175,DSDA04_DB1,Edison,0.2050271989515513
4,256,Data_mining,Machine_Learning,0.20910127964027247
4,267,Data mining,Machine_Learning,0.20910127964027247
4,92,Project management,Business,0.21092834215720868
4,260,Categorization,Machine_Learning,0.21248067090046763
4,207,DSENG06_BDAA,Edison,0.2179832252668037
4,134,DSDK04_HBDATCHYO,Edison,0.2323793380453929
4,264,Predictive Analytics,Machine_Learning,0.24168015079387906
4,270,Predictive_Analytics,Machine_Learning,0.24168015079387906
4,119,DSDK01_BPD,Edison,0.24661394546536375
4,258,Machine learning,Machine_Learning,0.24790657898852808
4,261,Machine_learning,Machine_Learning,0.24790657898852808
4,269,Classification,Machine_Learning,0.2488622336684695
4,57,Distributed Computing,Distributed,0.24924615064902056
4,63,Distributed_Computing,Distributed,0.24924615064902056
4,180,DSDA05_Platforms1,Edison,0.25720606718049943
4,59,Cloud_Computing,Distributed,0.2597521738238413
4,65,Cloud Computing,Distributed,0.2597521738238413
4,170,DSDK02_HTDBDCS,Edison,0.2600160175820152
4,127,DSDA05_Platforms2,Edison,0.2604575283013809
4,277,RDBMS,Databases,0.2696094329788554
4,275,ODBMS,Databases,0.2721395805706558
4,326,Julia,Computer_Programming,0.2725653299367756
4,298,db,Databases,0.2734524589684061
4,178,DSDK03_TSOMISFESATP,Edison,0.27393303801862523
4,293,database,Databases,0.27412521723363836
4,333,R,Computer_Programming,0.2781350659160282
4,146,DSDK02_BDNPD,Edison,0.27831030742766716
4,213,DSDA03_DA,Edison,0.2807477851011587
4,257,Clustering,Machine_Learning,0.28292566024989574
4,99,IsOperationsResearchReallyResearch,Research,0.2975043144209878
4,197,DSRM03_IORRR,Edison,0.2975043144209878
4,327,Python,Computer_Programming,0.30015658001778145
4,251,Video_commerce,Advertising,0.3053445703750157
4,183,DSDA05_CDV,Edison,0.3069430417428024
4,110,FrascatiDefinitionofResearch,Research,0.3179209820085931
4,161,DSRM03_FDOR,Edison,0.3179209820085931
4,173,DSDA03_BDTA,Edison,0.31853191876518305
4,152,DSENG02_CS1,Edison,0.32218673707595236
4,291,NoSQL,Databases,0.32327311897332933
4,89,Business,Business,0.32692252627399454
4,252,Unsupervised_learning,Machine_Learning,0.32781781893080464
4,266,Unsupervised learning,Machine_Learning,0.32781781893080464
4,227,DSENG05_SSM,Edison,0.33553474048258736
4,66,SAS,statistical_software,0.3387168505874797
4,229,SAS,Software,0.3387168505874797
4,314,SAS,Computer_Programming,0.3387168505874797
4,76,KNIME,statistical_software,0.34373987917714466
4,238,KNIME,Software,0.34373987917714466
4,64,Hadoop,Distributed,0.3466635719649933
4,70,SPSS,statistical_software,0.3493251385276277
4,232,SPSS,Software,0.3493251385276277
4,67,JMP,statistical_software,0.35320209828280413
4,230,JMP,Software,0.35320209828280413
4,75,GATE,statistical_software,0.3608512628653401
4,237,GATE,Software,0.3608512628653401
4,214,DSENG04_RNRD,Edison,0.361674254740042
4,292,DSENG04_Relational_non-relational_databases,Databases,0.361674254740042
4,199,DSDK03_TROFITSPADMP,Edison,0.3624778655611076
4,179,DSDK04_ASI,Edison,0.36367521984449236
4,246,Mobile_marketing,Advertising,0.369063616970698
4,192,DSDM06_IPRIDM,Edison,0.371565494343287
4,188,DSRM04_SPIA,Edison,0.37332027075669105
4,218,DSENG03_DM3,Edison,0.3757712175132564
4,259,Information_Retrieval,Machine_Learning,0.37627923684764564
4,263,Information Retrieval,Machine_Learning,0.37627923684764564
4,60,Cloudera,Distributed,0.3847005553158044
4,143,DSDA05_BDAP,Edison,0.38578559119326206
4,35,Investment_theory,capital_market,0.3867102956118301
4,303,VirtualProductDevelopment,ProductDevelopment,0.38898465148786465
4,19,_BiomedicalEngineers,Biomedical,0.3936704745892743
4,58,Hortonworks,Distributed,0.39440914119081627
4,201,DSDA04_DB,Edison,0.3972330313120157
4,212,DSENG04_DB4,Edison,0.3976726666943451
4,283,DB4,Databases,0.3976726666943451
4,222,DSRM06_Ing,Edison,0.3988814670730628
4,332,Software_developer,Computer_Programming,0.39939193430884945
4,328,Software_architecture,Computer_Programming,0.3999033444157749
4,299,Data_warehouse,Databases,0.4015537240832173
4,205,DSDM05_DFM,Edison,0.4015970790689438
4,254,Supervised_Learning,Machine_Learning,0.40279460014176693
4,255,Supervised Learning,Machine_Learning,0.40279460014176693
4,16,BiomedicalEngineers2,Biomedical,0.40309328415038315
4,168,DSDM03_DI4,Edison,0.4031830367764082
4,166,DSRM04_SP,Edison,0.4057233011325687
4,315,Programmer,Computer_Programming,0.4086685554922518
4,85,Non-store_retailing,e-commerce,0.40906858579387717
4,208,DSDA04_DB2,Edison,0.40971609647328566
4,176,DSDM02_DM101,Edison,0.4112468332622097
4,285,Microsoft_SQL_Server,Databases,0.4128631791828732
4,117,DSENG06_AA,Edison,0.41321438852178194
4,286,IBM_DB2,Databases,0.41327370502477634
4,198,DSDK01_BP,Edison,0.41417573607651514
4,150,DSENG03_ATFDM,Edison,0.4150369235247888
4,77,Waffles,statistical_software,0.41658114612092934
4,239,Waffles,Software,0.41658114612092934
4,215,DSENG05_DS1,Edison,0.41836461306496664
4,24,Math_Stats_tools,Math_Stats_tools,0.4188269209954367
4,144,DSDK06_Marketing,Edison,0.4191913485439096
4,310,C--,Computer_Programming,0.42212735889867115
4,137,DSDM02_DBM,Edison,0.42236202307970283
4,147,DSENG05_DS2,Edison,0.4228730840991184
4,44,Important_Methods_For_Statistical_Data_Analysis,Statistics,0.42572388588259735
4,136,DSDA02_IMFSDA,Edison,0.42572388588259735
4,295,Database,Databases,0.4264292011728149
4,100,Secondary_research,Research,0.4270358635938538
4,129,DSDM01_DMCP,Edison,0.430409856301052
4,133,DSDA01_PA,Edison,0.4327868319960383
4,23,Mathematics,Math_Stats_tools,0.43857210949470793
4,204,DSENG01_EP,Edison,0.44249504037484544
4,49,Executive_search,Recuting,0.44756549007567437
4,181,DSRM06_DOI,Edison,0.44772391553359747
4,169,DSDK03_SM,Edison,0.4499408753823725
4,312,Computer_Programming,Computer_Programming,0.45184161959482727
4,122,DSDK06_ADFM,Edison,0.4537584349907756
4,223,DSDK04_AS,Edison,0.4558186812044924
4,309,RequirementsManagement,ProductDevelopment,0.45690377597773235
4,228,DSENG03_DM4,Edison,0.45832363270147325
4,151,DSRM04_EAP,Edison,0.45846457959432163
4,202,DSDM02_DM,Edison,0.45948429512254785
4,104,RM4,Research,0.46027041265667445
4,128,DSRM01_RM4,Edison,0.46027041265667445
4,107,RMO,Research,0.46307263310433133
4,174,DSRM05_RMO,Edison,0.46307263310433133
4,253,Statistics,Machine_Learning,0.4638396379704316
4,281,Database2,Databases,0.4638500169895621
4,302,productDevelopment,ProductDevelopment,0.4708169177862469
4,226,DSDM04_DG,Edison,0.4771932132387827
4,102,RM3,Research,0.47737589714727924
4,219,DSRM01_RM3,Edison,0.47737589714727924
4,160,DSENG02_CS2,Edison,0.4781088907006794
4,84,E-commerce_credit_card_payment_system,e-commerce,0.4790972229500159
4,334,Computer_network,Computer_Programming,0.4792296943683796
4,282,MonetDB,Databases,0.4813781182517466
4,105,DSRM02_Systematic_study,Research,0.4836722387685387
4,149,DSRM02_SysS,Edison,0.4836722387685387
4,125,DSDA03_HPACIDM,Edison,0.48425315519958123
4,55,Onboarding,Recuting,0.48494125346981254
4,156,DSDK05_ACD,Edison,0.4855539709571598
4,217,DSRM06_SM,Edison,0.48593736766912576
4,98,RM2,Research,0.4877453132785472
4,185,DSRM01_RM2,Edison,0.4877453132785472
4,113,DSDM05_DP,Edison,0.4878132651997844
4,210,DSDM03_DI3,Edison,0.48808262953278214
4,71,Weka,statistical_software,0.49120459683867046
4,233,Weka,Software,0.49120459683867046
4,50,Personality-job_fit_theory,Recuting,0.49217164965965843
4,106,DSRM06_Contribute_research_objectives,Research,0.49356142989963314
4,186,DSRM05_CRO,Edison,0.49356142989963314
4,306,MarketPenetration,ProductDevelopment,0.49376705948217314
4,250,Viral_marketing,Advertising,0.4937917537741482
4,300,Time_toMarket,ProductDevelopment,0.4938550628939268
4,196,DSDA04_DI,Edison,0.49672914464454854
4,40,StatisticalTechniques,Statistics,0.49742277270635904
4,155,DSDA02_ST,Edison,0.49742277270635904
4,182,DSDM04_DA,Edison,0.5046901159348297
4,157,DSENG03_DM1,Edison,0.5058982578364519
4,216,DSDM03_DCAI,Edison,0.5097857497756196
4,141,DSRM06_TCAIPSIS,Edison,0.5098012211184064
4,164,DSDA04_DB4,Edison,0.5131561848593698
4,126,DSENG04_DB3,Edison,0.5209222537569203
4,294,DB3,Databases,0.5209222537569203
4,52,Human_resource_management,Recuting,0.5210955952115116
4,290,SPARQL,Databases,0.5215527397245355
4,158,DSENG06_OR,Edison,0.5239908483284293
4,211,DSDA06_DVT,Edison,0.5255617456332407
4,268,Statistical method,Machine_Learning,0.5264650626129745
4,271,Statistical_method,Machine_Learning,0.5264650626129745
4,114,DSDM06_EORDM,Edison,0.5266305629585419
4,18,BiomedicalEngineering,Biomedical,0.5276730897180872
4,26,Financial_economics,capital_market,0.5299197289563629
4,165,DSDM03_DI1,Edison,0.5308157292535374
4,79,Software,statistical_software,0.5322531278589235
4,241,Software,Software,0.5322531278589235
4,276,MySQL,Databases,0.5327548867257361
4,167,DSDK02_S,Edison,0.5339236099285025
4,31,Corporate_finance,capital_market,0.5360627822692812
4,148,DSDM03_DI2,Edison,0.5373174150690712
4,68,Git,statistical_software,0.5395751850574289
4,231,Git,Software,0.5395751850574289
4,101,RM5,Research,0.5399658470376414
4,206,DSRM01_RM5,Edison,0.5399658470376414
4,284,Data_mart,Databases,0.5420881433184503
4,20,Statistics,Math_Stats_tools,0.5435091203259275
4,41,Statistics,Statistics,0.5435091203259275
4,131,DSDA02_Stat,Edison,0.5435091203259275
4,154,DSDM04_DL,Edison,0.5451640446956657
4,37,Finance,capital_market,0.5455501129208324
4,38,Stock_Trader,capital_market,0.5464729440085884
4,245,Advertising,Advertising,0.5483024808919672
4,87,Business communication,Business,0.548547862366984
4,244,MarketingMix,Advertising,0.5521927325736677
4,45,Correlation,Statistics,0.5529025332858207
4,140,DSDA02_CoR,Edison,0.5529025332858207
4,324,Scala,Computer_Programming,0.5550547263460769
4,319,C++,Computer_Programming,0.5579781549761673
4,111,SS,Research,0.5583627271476457
4,116,DSRM02_SS,Edison,0.5583627271476457
4,190,DSENG04_DB5,Edison,0.5629713691296527
4,279,DB5,Databases,0.5629713691296527
4,330,Software_engineer,Computer_Programming,0.5631668956061673
4,323,System_programming,Computer_Programming,0.5649154586565825
4,56,Human_resource_consulting,Recuting,0.5673097523609781
4,82,Online_marketplace,e-commerce,0.5693489956072335
4,72,Oracle Data Mining,statistical_software,0.5696978190453839
4,80,Oracle_Data_Mining,statistical_software,0.5696978190453839
4,234,Oracle Data Mining,Software,0.5696978190453839
4,242,Oracle_Data_Mining,Software,0.5696978190453839
4,91,Job interview,Business,0.5702413409702775
4,322,PHP,Computer_Programming,0.5713078740401838
4,289,Databases,Databases,0.5713605371044288
4,61,Grid_computing,Distributed,0.5714927804402061
4,62,Grid computing,Distributed,0.5714927804402061
4,103,DSRM01_Scientific_method,Research,0.5716332593265302
4,193,DSRM01_SM,Edison,0.5716332593265302
4,81,E-commerce,e-commerce,0.5735068425447378
4,191,DSDA06_SV,Edison,0.5780429469797457
4,46,DataAnalytics,Statistics,0.5807611489489142
4,123,DSDA02_DA,Edison,0.5807611489489142
4,311,C,Computer_Programming,0.5837440852447704
4,17,Biomedicine,Biomedical,0.5840129552460226
4,308,Product,ProductDevelopment,0.5855381721164643
4,132,DSENG06_DB,Edison,0.5891727124760826
4,221,DSDM04_DS,Edison,0.5977972459539009
4,247,Interactive_advertising,Advertising,0.6081660082292892
4,313,pbdR,Computer_Programming,0.6093461453435018
4,200,DSDM05_DS,Edison,0.6216146837392487
4,95,Corporate communication,Business,0.6248954684427426
4,121,DSDM06_ELACIPR,Edison,0.6288788279099642
4,249,Television_advertisement,Advertising,0.6299858660697326
4,78,Mathematica,statistical_software,0.6308206550549864
4,240,Mathematica,Software,0.6308206550549864
4,14,Professional_Science_Master's_Degree,Education,0.6327341967164705
4,272,Apache_HBase,Databases,0.6345014436681318
4,83,Types_of_e-commerce,e-commerce,0.6346279800084599
4,287,CouchDB,Databases,0.6356496979784139
4,203,DSENG05_DS4,Edison,0.6388938372444569
4,97,UndergraduateResearch,Research,0.6401148062024263
4,224,DSDA05_DV,Edison,0.6410236507975646
4,195,DSDK03_SFM,Edison,0.6430819510704305
4,288,Oracle_Database,Databases,0.6439530090517507
4,297,PostgreSQL,Databases,0.6453086932494678
4,317,Objective-C,Computer_Programming,0.6489310382999751
4,86,Digital_economy,e-commerce,0.6512992920497487
4,307,Pro-innovation_bias,ProductDevelopment,0.652242841504961
4,305,CAD,ProductDevelopment,0.6524263314098466
4,153,DSDA04_DB3,Edison,0.6524811926025913
4,320,Java,Computer_Programming,0.6545355311261167
4,12,Graduate_school,Education,0.6558597858693418
4,163,DSENG02_CS,Edison,0.657943899525186
4,96,ScholarlyMethod,Research,0.6585084054409822
4,316,C_Sharp,Computer_Programming,0.6602911704294272
4,108,RM1,Research,0.6615305411543464
4,115,DSRM06_RM1,Edison,0.6615305411543464
4,135,DSRM01_RM1,Edison,0.6615305411543464
4,159,DSDM03_DI5,Edison,0.6619992142205628
4,25,Financial_services,capital_market,0.6636182739814072
4,209,DSDM02_DBMS-DM,Edison,0.6640368898053245
4,33,Financial_market_efficiency,capital_market,0.6687471448195214
4,171,DSDM01_DMP,Edison,0.6689709145413554
4,273,MongoDB,Databases,0.6733652532212588
4,28,CapitalMarket,capital_market,0.6736260823819407
4,27,FinanceCapitalism,capital_market,0.6788031092589776
4,9,European_Joint_Master_degree_in_Economics,Education,0.6792038188711269
4,43,List_of_statistical_packages,Statistics,0.6793108522530867
4,142,DSDA02_LOSP,Edison,0.6793108522530867
4,22,List_of_statistical_packages,Math_Stats_tools,0.6799433822997658
4,69,List_of_statistical_packages,statistical_software,0.6799433822997658
4,120,DSENG04_DB6,Edison,0.6859060590255763
4,280,DB6,Databases,0.6859060590255763
4,13,Master_of_Engineering,Education,0.6871980953381456
4,54,Employment_agency,Recuting,0.6891759657018703
4,130,DSDM01_DMC,Edison,0.689560482334755
4,109,Primary_Research,Research,0.6898797078536076
4,172,DSENG04_DB1,Edison,0.6967002007257832
4,278,DB1,Databases,0.6967002007257832
4,329,JavaScript,Computer_Programming,0.7032670349438096
4,11,Educational_specialist,Education,0.7062706839965216
4,32,Financial_market,capital_market,0.707537586158052
4,184,DSDM06_EIIDM,Edison,0.7125510195209892
4,248,Meta-advertising,Advertising,0.7145515297442655
4,30,Financial_instrument,capital_market,0.7173326083356999
4,0,First_professional_degree,Education,0.7205048352864374
4,7,Master_of_Science,Education,0.7237680145883874
4,8,Master_degree,Education,0.7270352674809881
4,325,PL-SQL,Computer_Programming,0.7320435040345918
4,15,Master_of_Laws,Education,0.7339475205193021
4,189,DSDM01_DM,Edison,0.7344012083132279
4,301,New_product_development,ProductDevelopment,0.7374873826485665
4,2,Bachelor_degree,Education,0.7403675703967898
4,6,Doctor_of_Philosophy,Education,0.7406216064515767
4,74,MATLAB,statistical_software,0.7436068046951139
4,236,MATLAB,Software,0.7436068046951139
4,304,Product_life-CycleManagement,ProductDevelopment,0.7459277708556538
4,124,DSENG04_DB2,Edison,0.7496198288576083
4,274,DB2,Databases,0.7496198288576083
4,321,Objective-J,Computer_Programming,0.7500148549619212
4,73,Octave,statistical_software,0.751705545727657
4,235,Octave,Software,0.751705545727657
4,331,Transact-SQL,Computer_Programming,0.7523933352941642
4,42,6_BASIC_STATISTICAL_TOOLS,Statistics,0.752770168567051
4,139,DSDA02_BST,Edison,0.752770168567051
4,296,Elasticsearch,Databases,0.7550568869077464
4,10,Engineer_degree,Education,0.7550763440521346
4,1,Master's_degree_in_Europe,Education,0.7562382804242953
4,318,Ruby,Computer_Programming,0.7565568728401225
4,225,DSENG03_DM2,Edison,0.7603478826372561
4,34,FinancialRegulation,capital_market,0.7611911379499963
4,138,DSDM01_WADMP,Edison,0.764426661197241
4,36,Stock_Exchange,capital_market,0.7682290168305104
4,21,Lists_of_mathematics_topics,Math_Stats_tools,0.7732867448529548
4,3,Master_of_Applied_Science,Education,0.7843176569241698
4,243,Co-marketing,Advertising,0.7898455387171911
4,29,Mathematical_finance,capital_market,0.8023011721198241
4,47,Summary_Table_for_Statistical_Techniques,Statistics,0.8053292317785673
4,162,DSDM01_DMSP,Edison,0.81372541960942
4,5,Terminal_degree,Education,0.8319718723120288
4,4,Chemistry_Quality_Eurolabels,Education,0.8429056374230617
4,112,DSDM05_FDDTDC,Edison,0.8439039719927484
4,39,A_Guide_to_Statistical_Techniques,Statistics,0.8486698292736689
4,177,DSRM04_DSAAP,Edison,0.8527423952028944
4,145,DSENG06_LORS,Edison,0.8588602022608016
4,48,Executive_search_firms,Recuting,0.8610081976986819
4,53,Employment_agencies,Recuting,0.8673780812942743
4,51,Employment_websites,Recuting,0.8899165664955575
5,207,DSENG06_BDAA,Edison,0.07522994995534871
5,90,Business Intelligence,Business,0.11300804656038188
5,170,DSDK02_HTDBDCS,Edison,0.13205631247878102
5,118,DSDA05_Platforms3,Edison,0.13948080603288127
5,194,DSDA03_AFDM,Edison,0.1395299968586836
5,220,DSENG03_DM5,Edison,0.1508363075715976
5,262,Text mining,Machine_Learning,0.15098692011069204
5,265,Text_mining,Machine_Learning,0.15098692011069204
5,93,Service-oriented modeling,Business,0.1598141763830303
5,88,Business Management,Business,0.16042151856241038
5,146,DSDK02_BDNPD,Edison,0.16399844883519743
5,94,Business Model,Business,0.1819194005419449
5,134,DSDK04_HBDATCHYO,Edison,0.18511752003518178
5,175,DSDA04_DB1,Edison,0.2045629795601247
5,256,Data_mining,Machine_Learning,0.21161470026616158
5,267,Data mining,Machine_Learning,0.21161470026616158
5,180,DSDA05_Platforms1,Edison,0.21559212145680395
5,59,Cloud_Computing,Distributed,0.22306807425544217
5,65,Cloud Computing,Distributed,0.22306807425544217
5,173,DSDA03_BDTA,Edison,0.2235902982203658
5,127,DSDA05_Platforms2,Edison,0.2274825861598656
5,119,DSDK01_BPD,Edison,0.23446701112947066
5,92,Project management,Business,0.23631590456377927
5,251,Video_commerce,Advertising,0.25945536122170787
5,264,Predictive Analytics,Machine_Learning,0.26456065999325074
5,270,Predictive_Analytics,Machine_Learning,0.26456065999325074
5,213,DSDA03_DA,Edison,0.2732941611734441
5,199,DSDK03_TROFITSPADMP,Edison,0.27802808539391655
5,260,Categorization,Machine_Learning,0.28307012541164134
5,293,database,Databases,0.299029781493207
5,187,DSENG02_CS3,Edison,0.3041055265865731
5,178,DSDK03_TSOMISFESATP,Edison,0.3049576621240968
5,298,db,Databases,0.3113884323977195
5,269,Classification,Machine_Learning,0.3135975495561245
5,227,DSENG05_SSM,Edison,0.319703491739453
5,143,DSDA05_BDAP,Edison,0.32131289970372123
5,246,Mobile_marketing,Advertising,0.32436098600040464
5,99,IsOperationsResearchReallyResearch,Research,0.3251073304686808
5,197,DSRM03_IORRR,Edison,0.3251073304686808
5,85,Non-store_retailing,e-commerce,0.3296277731225963
5,277,RDBMS,Databases,0.33042801853263437
5,275,ODBMS,Databases,0.3313731477279428
5,188,DSRM04_SPIA,Edison,0.33414226353502197
5,57,Distributed Computing,Distributed,0.3379582357919527
5,63,Distributed_Computing,Distributed,0.3379582357919527
5,89,Business,Business,0.33919143073532354
5,183,DSDA05_CDV,Edison,0.3433310983576736
5,64,Hadoop,Distributed,0.3482245849890808
5,257,Clustering,Machine_Learning,0.35312434748211197
5,60,Cloudera,Distributed,0.35355039809477684
5,58,Hortonworks,Distributed,0.3598189774566668
5,258,Machine learning,Machine_Learning,0.35993293017953065
5,261,Machine_learning,Machine_Learning,0.35993293017953065
5,192,DSDM06_IPRIDM,Edison,0.36499724429791736
5,179,DSDK04_ASI,Edison,0.3654116419982014
5,35,Investment_theory,capital_market,0.3763172386354353
5,110,FrascatiDefinitionofResearch,Research,0.3767198283305614
5,161,DSRM03_FDOR,Edison,0.3767198283305614
5,291,NoSQL,Databases,0.37878082369194555
5,326,Julia,Computer_Programming,0.38197828068235107
5,302,productDevelopment,ProductDevelopment,0.3822714263370627
5,147,DSENG05_DS2,Edison,0.3845049125583181
5,208,DSDA04_DB2,Edison,0.38753035484748066
5,333,R,Computer_Programming,0.39344071085465737
5,144,DSDK06_Marketing,Edison,0.39678530652515764
5,76,KNIME,statistical_software,0.397283298475958
5,238,KNIME,Software,0.397283298475958
5,303,VirtualProductDevelopment,ProductDevelopment,0.39728805532959754
5,214,DSENG04_RNRD,Edison,0.3996272385555799
5,292,DSENG04_Relational_non-relational_databases,Databases,0.3996272385555799
5,166,DSRM04_SP,Edison,0.40301683393064747
5,49,Executive_search,Recuting,0.4106458947324789
5,306,MarketPenetration,ProductDevelopment,0.41307041242283404
5,66,SAS,statistical_software,0.4158593775901823
5,229,SAS,Software,0.4158593775901823
5,314,SAS,Computer_Programming,0.4158593775901823
5,205,DSDM05_DFM,Edison,0.4267773161305576
5,152,DSENG02_CS1,Edison,0.4280360440347505
5,215,DSENG05_DS1,Edison,0.4340368555354521
5,75,GATE,statistical_software,0.43831786956241003
5,237,GATE,Software,0.43831786956241003
5,212,DSENG04_DB4,Edison,0.43915647787430956
5,283,DB4,Databases,0.43915647787430956
5,299,Data_warehouse,Databases,0.4398499403279489
5,176,DSDM02_DM101,Edison,0.44048049536866973
5,44,Important_Methods_For_Statistical_Data_Analysis,Statistics,0.441115219656395
5,136,DSDA02_IMFSDA,Edison,0.441115219656395
5,218,DSENG03_DM3,Edison,0.44146865468855645
5,327,Python,Computer_Programming,0.4422077064708779
5,117,DSENG06_AA,Edison,0.44380097487381376
5,150,DSENG03_ATFDM,Edison,0.44452130169091786
5,201,DSDA04_DB,Edison,0.44788651893268916
5,168,DSDM03_DI4,Edison,0.448323448501897
5,198,DSDK01_BP,Edison,0.4526723222135888
5,332,Software_developer,Computer_Programming,0.4527612059100582
5,252,Unsupervised_learning,Machine_Learning,0.4532810498764146
5,266,Unsupervised learning,Machine_Learning,0.4532810498764146
5,222,DSRM06_Ing,Edison,0.45484948433135997
5,19,_BiomedicalEngineers,Biomedical,0.4611381717007931
5,70,SPSS,statistical_software,0.46267188164072803
5,232,SPSS,Software,0.46267188164072803
5,129,DSDM01_DMCP,Edison,0.4649540947524654
5,169,DSDK03_SM,Edison,0.4655434709922571
5,156,DSDK05_ACD,Edison,0.46854752838290004
5,181,DSRM06_DOI,Edison,0.46897980937332207
5,16,BiomedicalEngineers2,Biomedical,0.46930085455509474
5,328,Software_architecture,Computer_Programming,0.46938030368195705
5,55,Onboarding,Recuting,0.47105688322055395
5,67,JMP,statistical_software,0.4720882398920737
5,230,JMP,Software,0.4720882398920737
5,122,DSDK06_ADFM,Edison,0.4736858747638648
5,226,DSDM04_DG,Edison,0.47446844325292314
5,259,Information_Retrieval,Machine_Learning,0.47884941238904066
5,263,Information Retrieval,Machine_Learning,0.47884941238904066
5,100,Secondary_research,Research,0.4793205135960239
5,295,Database,Databases,0.4819843746862532
5,137,DSDM02_DBM,Edison,0.4836631445948194
5,151,DSRM04_EAP,Edison,0.48483567382936177
5,315,Programmer,Computer_Programming,0.48553394288111307
5,24,Math_Stats_tools,Math_Stats_tools,0.4857751913982843
5,285,Microsoft_SQL_Server,Databases,0.486957940774311
5,133,DSDA01_PA,Edison,0.48999816389233475
5,286,IBM_DB2,Databases,0.49042865388643353
5,125,DSDA03_HPACIDM,Edison,0.49164135942796294
5,84,E-commerce_credit_card_payment_system,e-commerce,0.4938816148368361
5,309,RequirementsManagement,ProductDevelopment,0.4952279676426945
5,50,Personality-job_fit_theory,Recuting,0.5031867510816896
5,250,Viral_marketing,Advertising,0.503678979209605
5,196,DSDA04_DI,Edison,0.5048958206284444
5,38,Stock_Trader,capital_market,0.5087164586630718
5,113,DSDM05_DP,Edison,0.510338311189694
5,202,DSDM02_DM,Edison,0.5130657806367143
5,167,DSDK02_S,Edison,0.5134328207078536
5,300,Time_toMarket,ProductDevelopment,0.5177134772668108
5,281,Database2,Databases,0.5178161474925896
5,228,DSENG03_DM4,Edison,0.5204707010640248
5,210,DSDM03_DI3,Edison,0.5226984746878389
5,204,DSENG01_EP,Edison,0.5230764368050123
5,77,Waffles,statistical_software,0.5240713960922554
5,239,Waffles,Software,0.5240713960922554
5,31,Corporate_finance,capital_market,0.5248318719092535
5,223,DSDK04_AS,Edison,0.5258654339820483
5,334,Computer_network,Computer_Programming,0.5287557533634559
5,141,DSRM06_TCAIPSIS,Edison,0.5323787525852113
5,310,C--,Computer_Programming,0.533443939809831
5,107,RMO,Research,0.5345880860601429
5,174,DSRM05_RMO,Edison,0.5345880860601429
5,254,Supervised_Learning,Machine_Learning,0.5359835875081218
5,255,Supervised Learning,Machine_Learning,0.5359835875081218
5,182,DSDM04_DA,Edison,0.537884692543667
5,158,DSENG06_OR,Edison,0.5450621740949431
5,114,DSDM06_EORDM,Edison,0.5453066125975655
5,165,DSDM03_DI1,Edison,0.5463896370981832
5,253,Statistics,Machine_Learning,0.5469242234502687
5,104,RM4,Research,0.5495529116045983
5,128,DSRM01_RM4,Edison,0.5495529116045983
5,52,Human_resource_management,Recuting,0.5521121181948767
5,102,RM3,Research,0.5545988900344623
5,219,DSRM01_RM3,Edison,0.5545988900344623
5,312,Computer_Programming,Computer_Programming,0.5551356957392835
5,105,DSRM02_Systematic_study,Research,0.5561305271824107
5,149,DSRM02_SysS,Edison,0.5561305271824107
5,37,Finance,capital_market,0.5572908880466857
5,245,Advertising,Advertising,0.558220971348405
5,282,MonetDB,Databases,0.5592875657181758
5,164,DSDA04_DB4,Edison,0.5602549574569404
5,40,StatisticalTechniques,Statistics,0.56031027758205
5,155,DSDA02_ST,Edison,0.56031027758205
