nc,0.34987584000000005
age,0.29652218999999996
market,0.2650686
products,0.20396057
development,0.18638852000000003
customer,0.16816055000000002
require,0.13305249
requirements,0.10593108
process,0.10273213
ttm,0.08983777
stage,0.0897987
management,0.0834973
source,0.08089893
project,0.07894477
needed,0.07702952
bias,0.07389959
fact,0.07389676
business,0.07172711
model,0.07010515
fine,0.06928252
offer,0.06543192
tech,0.06377407
step,0.060059360000000006
characteristics,0.05878179
design,0.05712055
ease,0.05442551
benefits,0.05363235
penetration,0.053360439999999995
society,0.05023822
cycle,0.049973010000000005
refer,0.04914573
atomic_age,0.04878049
low,0.047775910000000005
sales,0.0475929
creation,0.04691654000000001
niche,0.04573913
products_characteristics,0.04545455
characteristics_offer_benefits,0.04545455
offer_benefits_customer,0.04545455
characteristics_offer,0.04545455
products_characteristics_offer,0.04545455
presentation_formulation_satisfies,0.04545455
creation_products_characteristics_offer_benefits_customer_development,0.04545455
creation_products_characteristics,0.04545455
creation_products,0.04545455
offer_benefits,0.04545455
benefits_customer,0.04545455
idea,0.04484199
references,0.04479487
customers,0.04456259
place,0.04412407
tool,0.04117675
market_penetration,0.040202539999999995
increase,0.03980405
manufacturing,0.03799803
contents,0.03673648
planning,0.03672536
change,0.03594837
costs,0.035258319999999996
ability,0.03398069
test,0.03381027
classification,0.03378378
space,0.03372459
industry,0.033474180000000006
trial,0.03262511
price,0.03230412
stages,0.03146182
concept,0.031384840000000004
plant,0.030942010000000002
user,0.03091158
organizations,0.03067185
quality,0.03026479
brand,0.028153840000000003
competitors,0.0271197
growth,0.027027710000000003
plc,0.02702703
software,0.02663574
strategy,0.02545891
definition,0.02481329
energy,0.02467482
progress_smelting_bronze_iron_commencement,0.02439024
power_source_sort,0.02439024
diffusion_innovation_theory_proinnovation_bias_belief_innovation,0.02439024
century_predictions_kind_transformation_place_status_quo_bias,0.02439024
fuel_interstellar_travel,0.02439024
power_plants_power_sources_coal_oil,0.02439024
medicine_age_peace,0.02439024
age_feeling,0.02439024
motors_turn_century,0.02439024
power_generators_future,0.02439024
society_alteration_innovations_champion,0.02439024
revolution_roger_smith_chairman,0.02439024
contents_references_reading,0.02439024
bias_favor_innovation_heshe_limitations_weaknesses,0.02439024
age_step,0.02439024
engineer,0.023688430000000003
companies,0.023130070000000003
markets,0.0230905
potential,0.023028230000000004
specific,0.02262489
steps,0.02261713
engineering,0.022550120000000003
feature,0.02240179
car,0.0222546
analysis,0.021760190000000002
function,0.020929680000000003
development_process,0.02084672
processes,0.02052524
requirements_management,0.019734710000000003
strategies,0.01934089
short,0.01931297
tools,0.01859917
consumers,0.01858946
complex,0.01849389
create,0.01828015
team,0.01825993
construction,0.01823941
vpd,0.01809955
automotive,0.01709842
called,0.016846490000000002
data,0.01682877
environment,0.01653746
lifecycle,0.01638195
dd,0.016314170000000003
resource,0.01619728
material,0.01609942
complexity,0.01602272
code,0.015790119999999998
decline,0.01576577
long,0.01567333
set,0.015656879999999998
sales_volume,0.01537697
lower,0.015335420000000002
large,0.015291060000000002
features,0.015194419999999998
common,0.01461067
types,0.014219220000000001
industries,0.01421476
businesses,0.01350574
level,0.01348849
cut,0.01335075
traceability,0.01315789
developing,0.013081289999999999
rates,0.013048520000000001
based,0.01277201
lifecycle_management,0.01267197
typical,0.01216376
cam,0.01195219
systems,0.01181602
external,0.0117589
finish,0.011715320000000001
method,0.01148859
created,0.01087032
support,0.01080892
technology,0.01076957
aspects,0.01071848
disc,0.01067367
sigma,0.01062985
standard,0.01061613
increased,0.01058975
plm,0.01043189
commercial,0.010288390000000001
accurate,0.01027027
program,0.010093830000000002
types_ttm,0.00990099
ttm_quality,0.00990099
control,0.00975637
cad,0.00972519
shape,0.00959854
prototyping,0.00953288
pricing,0.0094944
direct,0.00948572
finished,0.00943871
digital,0.00933435
generate,0.00923825
error,0.009195430000000001
market_development,0.00918751
effective,0.00907183
virtual_process,0.00904977
plc_stages,0.00900901
links,0.00883919
raw,0.008783639999999999
investigation,0.00877193
components,0.008678950000000001
models,0.0086523
increase_market,0.00862021
practice,0.00859118
accurately,0.00852371
market_growth,0.00845865
produce,0.00844557
flexible,0.00842102
shop,0.00826576
speed,0.00818325
manufacturing_process,0.0081098
minimizing,0.0081098
list,0.0080404
feasibility,0.0080388
purpose,0.00801808
final,0.007958090000000001
manufacturers,0.00790327
behavior,0.00790327
chain,0.00771699
perform,0.0077026
specification,0.00758174
external_links,0.0073771999999999996
objectives,0.0073771999999999996
requires,0.00737294
requirements_traceability,0.00730994
history,0.00716981
performance,0.00713345
computer,0.007067749999999999
united,0.00704134
management_plm,0.00704134
range,0.00704134
states,0.00704134
raw_material,0.00704134
firms,0.00692247
faster,0.006885240000000001
result,0.00685506
considered,0.006789399999999999
efficiency,0.00677714
drop,0.00677714
slow,0.00677701
issues,0.00676275
tools_techniques,0.00660066
ttm_organization,0.00660066
ttm_measurements,0.00660066
basic,0.00657841
technologies,0.00655164
enterprise,0.00648436
problems,0.00639213
approach,0.006326470000000001
years,0.0061936000000000005
dp,0.00603389
development_costs,0.00598688
designers,0.00598688
fully,0.005986750000000001
virtual_development,0.00598262
references_external_links,0.00591521
references_external,0.00591521
usa,0.005900819999999999
cases,0.00589496
involves,0.00587852
user_requirements,0.00584795
requirements_change,0.00584795
traceability_requirement,0.00584795
implemented,0.00581712
modeling,0.00553833
primary,0.00546461
select,0.00545228
meet,0.00539515
category_goods,0.00525808
partners,0.00525375
scheduling,0.00525375
failure,0.00525375
working,0.00512495
built,0.00512495
idea_generation,0.00510204
simulation,0.00509404
reducing,0.0050469
flexibility,0.0050469
higher,0.00498383
constant,0.00493867
early,0.00487301
enables,0.00480947
personnel,0.00480947
lifecycle_management_plm,0.004789079999999999
requirements_development,0.0047623200000000004
steps_development_process,0.00475806
concern,0.00472768
pass,0.0046885699999999995
feed,0.00459834
vpd_enables_practitioners,0.00452489
process_designed_maximize,0.00452489
years_bim,0.00452489
digital_dd_environment,0.00452489
vpd_main,0.00452489
vpd_enables,0.00452489
designers_customersconsumers_chain_partners,0.00452489
industry_years_bim,0.00452489
chain_partners,0.00452489
brings_designers_customersconsumers,0.00452489
accurately_predict_performance,0.00452489
manufacturing_companies_concept,0.00452489
predict_performance,0.00452489
maximize_efficiency,0.00452489
trial_error_method,0.00452489
source_realtime_truth_vpd,0.00452489
virtual_design,0.00452489
market_failure_potential_development_costs,0.00452489
brings_designers,0.00452489
main_components,0.00452489
developing_prototyping_products,0.00452489
virtualization_plant_design_vpd,0.00452489
efficiency_avoid,0.00452489
vpd_main_components,0.00452489
scheduling_aspects,0.00452489
minimizing_market_failure,0.00452489
virtual_simulation,0.00452489
construction_industry,0.00452489
arrive_idea,0.00452489
method_employed_manufacturers,0.00452489
maximize_efficiency_avoid,0.00452489
contracting,0.00452489
digital_dd,0.00452489
error_method,0.00452489
planning_entire_process,0.00452489
virtual_staging_retail,0.00452489
assemblyfilling_virtualization,0.00452489
firms_scheduling_aspects,0.00452489
takes_place,0.00452489
planning_assemblyfilling_virtualization,0.00452489
companies_concept_construction_industry_years_bim_modeling_construction,0.00452489
collaborative_webbased_environment,0.00452489
market_failure,0.00452489
behavior_analysis,0.00452489
manufacturing_companies,0.00452489
typically_takes_place,0.00452489
environment_brings,0.00452489
practitioners,0.00452489
designed_maximize,0.00452489
contracting_firms_scheduling_aspects,0.00452489
enables_practitioners,0.00452489
staging,0.00452489
levels_placement_stations_inventory_personnel_equipment,0.00452489
potential_issues_safety_quality,0.00452489
design_shape,0.00452489
virtualization,0.00452489
customersconsumers_chain,0.00452489
planning_entire,0.00452489
virtual_simulation_drop,0.00452489
realtime_truth,0.00452489
environment_brings_designers,0.00452489
partners_single,0.00452489
development_vpd,0.00452489
simulation_drop_test_crush_test,0.00452489
vpd_practice,0.00452489
partners_single_source,0.00452489
development_vpd_practice,0.00452489
customersconsumers_chain_partners,0.00452489
construction_industry_years,0.00452489
typically_takes,0.00452489
simulation_drop,0.00452489
digital_manufacturing_process,0.00452489
virtual_development_vpd,0.00452489
idea_accurately_predict,0.00452489
graphicscopy,0.00452489
crush,0.00452489
designers_customersconsumers_chain,0.00452489
assemblyfilling_virtualization_plant,0.00452489
designers_customersconsumers,0.00452489
chain_partners_single,0.00452489
virtualization_plant,0.00452489
truth,0.00452489
concept_construction,0.00452489
customersconsumers,0.00452489
dd_environment,0.00452489
space_planning_behavior,0.00452489
staging_retail_space,0.00452489
staging_retail,0.00452489
source_realtime_truth,0.00452489
bim_modeling_construction,0.00452489
planning_behavior,0.00452489
designed_maximize_efficiency,0.00452489
accurately_predict,0.00452489
contracting_firms,0.00452489
single_source,0.00452489
practitioners_arrive_idea,0.00452489
design_shape_graphicscopy,0.00452489
realtime,0.00452489
source_realtime,0.00452489
minimizing_market,0.00452489
retail_settings,0.00452489
manufacturers_software,0.00452489
planning_behavior_analysis,0.00452489
industry_years,0.00452489
virtual_design_shape,0.00452489
shape_graphicscopy,0.00452489
prototyping_products,0.00452489
trial_error,0.00452489
architectural_contracting_firms,0.00452489
settings,0.00452489
ultimately_minimizing_market,0.00452489
dd_environment_vpd,0.00452489
bim,0.00452489
employed_manufacturers,0.00452489
retail_space,0.00452489
completely_digital_dd,0.00452489
depending,0.00452476
growth_stage,0.0045045
maturity_decline,0.0045045
maturity_stage,0.0045045
plc_shape,0.0045045
features_stage,0.0045045
requirements_change_management,0.00438596
software_development,0.00438596
change_requests,0.00438596
npd_process,0.00437318
market_model,0.00431823
reason,0.00431377
business_strategy,0.0042401800000000005
assist,0.00423211
users,0.00414841
integrate,0.00411941
products_offer,0.00410724
customer_groups,0.00410724
solutions,0.00395971
package,0.0039475299999999994
developing_products,0.003920959999999999
variety,0.0038694800000000002
cutting,0.0038694800000000002
marketing_manager,0.0037142399999999997
machine,0.00369949
ideal,0.00366296
body,0.00366296
purposes,0.00366296
thousands,0.00366296
united_states,0.00366296
design_team,0.00365284
ensure,0.00362627
highly,0.00358491
development_market,0.00354841
overview,0.00349313
entering,0.00347668
machining,0.00341491
products_definition_case,0.00337838
definition_project_deliverables,0.00337838
online_catalog_retailer_sears_roebuck,0.00337838
result_process,0.00337838
classifications_classification_systems_products,0.00337838
contract_economics_commerce_products,0.00337838
master_schedule,0.00337838
vendor_registration_inventory_item_identification_contract_item_management,0.00337838
model_manufacturer_identifier_model_model_variant_model_number_dyson_manufacturer_appliances_vacuum_cleaners,0.00337838
options_color_seats_wheels,0.00337838
characteristics_features_vehicle_model_car,0.00337838
subdivisions_nigp_code,0.00337838
option_family,0.00337838
digit_class_digit_classitem_digit_classitemgroup_digit_classitemgroupdetail_nigp_code,0.00337838
habits_regard_duration_satisfaction,0.00337838
serial_number,0.00337838
consumers_shop,0.00337838
margin_profit_buyer_goal_adjustment,0.00337838
classifications_model_literature_references,0.00337838
john_lifecycle_management_volume,0.00337838
variables_replacement_rate,0.00337838
car_definition,0.00337838
departmentstore_structure_association_products,0.00337838
purposes_nafta_signatories,0.00337838
construct_configurator_set_options_car_features,0.00337838
requirements_ideal_boolean_algebra,0.00337838
trims_entertainment_assistant_systems_options,0.00337838
loans_insurance_industry_lines_risk_coverage_auto_insurance,0.00337838
types_outlets_fall_price_ranges_businesses_offer_range_lines,0.00337838
products_commodity_market_project_management_products,0.00337838
products_function_brand,0.00337838
products_departments_presents_products_potential_shoppers_function_brand_sears_itemnumber_manufacturers_modelnumber_sears_departments_groupings_intention,0.00337838
vehicle_identification_number_vin,0.00337838
option_kind_definition,0.00337838
format_literature_herlyn_pps_automobilbau_produktionsprogrammplanung_und_steuerung_von_fahrzeugen_und_aggregaten_hanser_verlag_mnchen_isbn,0.00337838
benefits_user_duration_buyer_behavior,0.00337838
american_industry_classification_naics_european_union_classification_products_activity_classifications,0.00337838
model_support_website_brand_model,0.00337838
insurance_premiums_income,0.00337838
products_market_model_number_manufacturer_number_mpn,0.00337838
options_body_engine_gear_box_axles_variants_model,0.00337838
governments_nigp_code_nigp_code_states,0.00337838
businesss_industry_census,0.00337838
objectives_project_insurance_policies,0.00337838
sale_insurance,0.00337838
commodity_classification_state,0.00337838
concept_subproduct,0.00337838
car_options_marks_attributes,0.00337838
states_thousands_cities_counties,0.00337838
links_classification,0.00337838
touch_vehicle_gadget_clothing,0.00337838
revenue_figures_finance_insurance_industry_lines_accident_health,0.00337838
insurance_insurance,0.00337838
rates_products,0.00337838
function_manner,0.00337838
enterprise_resource,0.00337838
materials_metals,0.00337838
retailing_products,0.00337838
insurance_policy,0.00337838
aspinwall_classification,0.00337838
injuries_consumers_bystanders_subject_liability_contents_classification_association,0.00337838
napcs_companion,0.00337838
required,0.0033291500000000003
including,0.0033025800000000003
commerce_market_ttm_length,0.00330033
project_cost_attempt_ttm,0.00330033
conclusion_ship_copy_customer_buys_highvolume_industries,0.00330033
techniques_ttm_quality,0.00330033
industries_objective,0.00330033
approval_developers,0.00330033
midstream_project_ability_development,0.00330033
attributes_development_process_ttm,0.00330033
ttm_management_definitions_ttm_period,0.00330033
complexity_project,0.00330033
ttm_organizations,0.00330033
ttm_industries,0.00330033
products_companies,0.00330033
schedule_trade,0.00330033
bart_hall,0.00330033
porter_aiit_development,0.00330033
engineering_department_transfers,0.00330033
development_processes_phasegate_model_sigma_development,0.00330033
products_categories_newness,0.00330033
ttm_improvement_variety_reasons_variations_ttm,0.00330033
volume_units_monthcitation,0.00330033
variation_organizations,0.00330033
requirements_development_response_customer_feedback_ttm,0.00330033
point_terms,0.00330033
projects_point_project,0.00330033
addition_processes_stagegate_sigma_project_risk_management_references,0.00330033
levels_complexity_remains,0.00330033
activities_tools_techniques_references_types_ttm_organizations,0.00330033
flexibility_innovation,0.00330033
conference_timetomarket,0.00330033
matters_organizations_ttm_capability,0.00330033
development_engineering_project,0.00330033
ttm_staff_project_heavilycitation,0.00330033
change_change,0.00330033
change_requirements,0.00330033
resources_labor_managers_figure,0.00330033
steps_cut,0.00330033
repeat_step_ttm,0.00330033
james_hotel_london,0.00330033
ttm_standards,0.00330033
sale_ttm_industries_products,0.00330033
assumption_ttm_quality,0.00330033
projectbefore_approval_staffing_allocatedhas,0.00330033
assumption_ttm_matters_firstofakind_products_leader_luxury_clock,0.00330033
mike_woodman_logica_coplexis,0.00330033
components_newtotheworld_products,0.00330033
complexity_complexity_technologies,0.00330033
ttm_ttm_quality_types_ttm_history_references,0.00330033
sequence_steps,0.00330033
organizations_ttm_goals,0.00330033
pressure_examplemay,0.00330033
competitors_organizations_industries,0.00330033
industry_development_period_starts_concept_approvedcitation,0.00330033
force,0.00325557
prevent,0.00320856
export,0.00320856
automated,0.00320856
market_increase,0.0031921
advance,0.00317771
rate_return,0.00292398
requirements_specification,0.0029197199999999998
motions,0.00289314
advanced,0.00289314
cam_software,0.00284576
skills,0.0028214
extended,0.0028214
market_penetration_strategy,0.00281955
businesses_increase,0.00281955
market_market_penetration,0.00281955
penetration_strategy,0.00281955
generated,0.00275574
mind,0.00268642
market_business,0.0026085600000000002
finding_ways,0.0026085600000000002
shortage,0.00253683
overcome,0.00253683
curve,0.00253683
kits,0.00253683
hardware,0.00247543
detailed,0.00247117
operator,0.0023157200000000003
machinist,0.00227661
computeraided,0.00227661
competition_leads_price_decreases_maturity_stage_costs,0.00225225
costs_sales_measures_cycle_proceeds,0.00225225
customers_markets_competitors_lifecycle_management_plm,0.00225225
experience_curve_effects_sales_volume_peaks_market_saturation,0.00225225
sales_volumes_competition_demand,0.00225225
features_stages_introduction_growth_maturity_decline_sales,0.00225225
skills_tools_processes_plc_management_assumptionscitation,0.00225225
potential_sales_opportunities_revenue_contributions,0.00225225
increase_competitors,0.00225225
lifecycle_management_plm_succession_strategies_business_management_lifecycle_conditions,0.00225225
sales_note_termination_business_cycle,0.00225225
money_stage_growth_stage_costs,0.00225225
cycle_rise_sales,0.00225225
market_prices,0.00225225
drop_proliferation,0.00225225
advertising_saturation,0.00225225
industry_hold,0.00225225
economies_scale_sales_volume_increases_profitability_rise_public_awareness_increases_competition_increase_players,0.00225225
decline_stage_products_cocacola_pepsi_experience_growth,0.00225225
profit_challenge_productiondistribution_efficiency,0.00225225
products_brand_differentiation_feature_diversification,0.00225225
cycle_sales_pass,0.00225225
complexity_engineering_challenges,0.00225225
impacts_endoflife,0.00225225
plc_models,0.00225225
limitations_plc_model,0.00225225
plc_shapes_fad,0.00225225
moves_succession_stages_contents_goals_cycle_characteristics_plc_stages,0.00225225
intro_stage,0.00225225
plc_stages_limitations_references,0.00225225
marketing_management_gauge,0.00225225
data_processes_business_systems_companies,0.00225225
resource_strategies_cycle_stage_characteristics_plc_stages,0.00225225
decline_products_cocacola_pepsi_experience_decline,0.00225225
supply_chain_enterprise_plm_solutions_organizations,0.00225225
challenges_opportunities_problems_seller_products,0.00225225
sources_material_shortages_dmsms_material_selection_development_obsolescence,0.00225225
stages_products_cycle,0.00225225
profits_saturation_decline_stage_costs_counteroptimal_sales_volume_decline_prices_profitability,0.00225225
characteristics_arecitation,0.00225225
cycle_concept_cycle_plc_concerns_market_respect,0.00225225
competition_profit,0.00225225
products_duration_plc_stage,0.00225225
links_goals_goals_cycle_management_plm,0.00225225
cycle_stages_limitations_marketing_managers,0.00225225
manufacturing_source,0.00225225
stage_characteristics_market_introduction_stage_costs,0.00225225
marketing_financing,0.00225225
objectives_strategy_prescriptions_lifecycle_management,0.00225225
evidence_growth_fall_sales,0.00225225
guide_marketing_management,0.00225225
stage_art_science_patterns,0.00225225
investment_cost,0.00225225
level_sales_number_decades_products,0.00225225
business_program,0.00225225
stages_transition_difficultcitation,0.00225225
adherence_plc_lead,0.00225225
result_volumes,0.00225225
development_project,0.0021908500000000003
innovation_management,0.00218659
teams,0.00218659
largest,0.00216428
advantage,0.00216428
output,0.00202688
subsequent,0.00195329
driving,0.00195329
usage,0.00195329
precise,0.00195329
products_markets,0.0018797
penetration_good,0.0018797
penetration_brand,0.0018797
market_products,0.0018797
marketing_strategy,0.0018797
total_target_market_market_penetration,0.0018797
business_model,0.0018797
market_penetration_joseph,0.0018797
factors_market_penetration,0.0018797
market_penetration_key,0.0018797
market_order,0.0018797
small,0.00179358
links_overview,0.00174657
function_specific,0.00174657
consistency,0.00174657
external_links_overview,0.00174657
contents_overview,0.00174657
knowledge,0.00174657
text,0.00174231
field,0.00174231
manufacturing_plant,0.00174231
eliminate,0.00174231
machine_tool,0.00170746
finishing,0.00170746
cnc,0.00170746
size_market,0.00166871
integrated,0.00158259
operations,0.00158259
professionals,0.00158259
providers,0.001509
cg,0.001509
template_message_stage_development_process_key_requirements_management_activities_methods,0.00146199
team_decisions_design_construction_test_construction_testing_stage,0.00146199
class_requirements,0.00146199
project_midcycle,0.00146199
possibilities_requirements_specification_anchors_team,0.00146199
requirements_baselines_software_tools_tools_requirements,0.00146199
requirements_change_management_software_development_project,0.00146199
tool_stage_prototype_construction,0.00146199
costs_training_support_easiertouse,0.00146199
costs_software_development_costs_hardware_costs,0.00146199
design_stage_design,0.00146199
question_points,0.00146199
impacts_relations,0.00146199
design_requirements_document,0.00146199
contents_overview_traceability_requirements_activities_investigation_feasibility_design_construction_test_requirements_change_management_release_references_reading,0.00146199
requirements_data,0.00146199
requirements_organization,0.00146199
investigation_stage_requirements_document,0.00146199
organization_business_costs,0.00146199
parent_child_requirements_test_cases_requirements,0.00146199
communication_members_development_team,0.00146199
database_functions,0.00146199
users_business_development_team_area_questions,0.00146199
change_request_data_change_requests,0.00146199
tool_form_realization_tool_computer_computer,0.00146199
cases_user_requirements_care_traceability,0.00146199
rate_return_marketplace,0.00146199
potential_users_framework_software,0.00146199
scope_flexibility,0.00146199
discussion_scope_changecitation,0.00146199
car_gas_prices,0.00146199
requirements_management_process,0.00146199
organization_documents,0.00146199
requirements_project,0.00146199
goal_requirements_management_effort_software_project,0.00146199
stakeholders_requirements_management_analysis_elicitation_objectives_constraints_organization_requirements_management,0.00146199
data_entry_errors,0.00146199
impacts_requirements_elements,0.00146199
knowledge_repository_release_requirements_management_release_point_data,0.00146199
case_requirements,0.00146199
story_scope_change_midstream,0.00146199
desirability_process_implementation_implementation_change_request_quality_assurance_implementation,0.00146199
attributes_requirements_relationships,0.00146199
baseline_creation_version_control_change_management_tools_export_function_specification_document,0.00146199
requirements_elicitation_development_process,0.00146199
testing_software_user_interface,0.00146199
user_interface_design_guide_handed_design_team,0.00146199
cost_scrap_operator_error_interface_tool,0.00146199
project_stem_environment,0.00146199
standard_fivephase_development_process_investigation_feasibility_design_construction_test_release_stages_investigation_investigation_classes_requirements,0.00146199
requirements_management_activity,0.00146199
data_cpu_excels_serial_processing,0.00146199
gallon_design_team,0.00146199
project_requirements_change,0.00146199
requirements_degree_requirements_document,0.00146199
feasibility_feasibility_stage_costs_requirements,0.00146199
business_regulation_errors,0.00146199
gasoline_prices_hit_gallon_decade_midway_design_ford,0.00146199
mind_excels_parallel_processing_interpretation_trends,0.00146199
management_software,0.00146199
expectations_customers,0.00146199
requirements_data_standard_document_applicationcitation,0.00146199
place_requirements_activities_article_citations_verification,0.00146199
links_overview_purpose_requirements_management,0.00146199
questions_attention,0.00146199
requirements_sources_business,0.00146199
tool_equipment_support,0.00146199
process_project_requirement_capability_project_outcome,0.00146199
interface_interface_report_humans_location_times_dont,0.00146199
department_budget,0.00146199
change_requests_stakeholders,0.00146199
drive_cases,0.00146199
data_screens_store_data_screen,0.00146199
tool_fact,0.00146199
ford_auto_designers,0.00146199
user_requirements_requirements_traceability,0.00146199
article_requirements_traceability_requirements_traceability,0.00146199
feasibility_stage_budget_schedule_project_design,0.00146199
vision_permits,0.00146199
user_deployment_user_studies_feature,0.00146199
organizations_documents,0.00146199
software_roles_question_team_inquire,0.00146199
definition_requirementslimitations_technology_security_environment_activities_requirements_change_management,0.00146199
sales_records_car_roomy,0.00146199
scope_creep,0.00146199
costs_place_questions,0.00146199
communication_project_team_members_stakeholders_adjustment_requirements_project,0.00146199
requirements_report_fulfilment_stakeholder_interests_terms_compliance_completeness_coverage_consistency_traceabilities_support_change_management_requirements_management,0.00146199
goals_constraints_tools_processes_place_requirements,0.00146199
point_requirements_management,0.00146199
activity_requirements_management_cost_stay_schedule_budget,0.00146199
user_requirements_cost,0.00146199
processor_instance_dont,0.00146199
processing_power_shift_burden_user_order,0.00146199
launch_set,0.00146199
requirement_trace_origin_requirement_change_requirement,0.00146199
members_team_development_document,0.00146199
products_development,0.00145773
development_models,0.00145773
increase_effectiveness_departments,0.00145773
engineering_marketing_expertise,0.00145773
peter_koen,0.00145773
customer_problems,0.00145773
engineering_design,0.00145773
shortcomings,0.00142288
skilled,0.00142288
gcode,0.00142288
milling,0.00142288
surface,0.00142288
produced,0.00129801
rapid,0.00129801
confidence,0.00129801
large_companies,0.0012244299999999999
raised,0.0012244299999999999
stock,0.0012244299999999999
corporation,0.0012244299999999999
initially,0.0012244299999999999
capabilities,0.0012244299999999999
productivity,0.0012244299999999999
cadcam,0.0011383
integration,0.0011383
modern,0.0011383
solid,0.0011383
historical,0.0011383
optimize,0.0011383
paths,0.0011383
axis,0.0011383
machining_process,0.0011383
manufactured,0.00101344
dedicated,0.00101344
separate,0.00101344
input,0.00101344
rapid_prototyping,0.00101344
fixed,0.00101344
started,0.00101344
easily,0.00101344
speeds,0.00101344
objects,0.00101344
candy_children_salad,9.3985E-4
markets_brazil_russia_india_china,9.3985E-4
customer_base_market_penetration_pricing,9.3985E-4
quality_products_businesses,9.3985E-4
measures_cases_penetration_percentage_countrys_households,9.3985E-4
charles_hill_step,9.3985E-4
markets_connection,9.3985E-4
years_market_penetration_strategy,9.3985E-4
nonusers_convincing_clients_productservice_advertising,9.3985E-4
amounts_growth_demand,9.3985E-4
competitors_stay,9.3985E-4
promotions_grab_attention,9.3985E-4
penetration_business,9.3985E-4
management_ebooks_formula,9.3985E-4
customers_switching_discount_period,9.3985E-4
reach_brand,9.3985E-4
competitors_customers_market_ways,9.3985E-4
market_mcgrath_distribution_channels_distribution_channel_connection_businesses_intermediaries,9.3985E-4
customers_business_sell,9.3985E-4
promotion_distribution_channels_improvements_market_development_penetration_pricing_construction_methodologies_references_reading_definition_market_penetration,9.3985E-4
sales_growth_trend,9.3985E-4
matrix_harvard_business_article,9.3985E-4
goods_market_penetration_strategy,9.3985E-4
demand_elasticity_hopes,9.3985E-4
markets_burgers_market_development_markets,9.3985E-4
customers_competitors,9.3985E-4
stages_set,9.3985E-4
inventory_management_practices_technologies,9.3985E-4
fit_organization_strategy,9.3985E-4
total_number,9.3985E-4
markets_customers_order,9.3985E-4
market_uncertainties_market_penetration_strategy_measurement_percentage_popularity_brand_category_customers_market_buys_brand_strategies_price_adjustments,9.3985E-4
competitors_products_base,9.3985E-4
market_business_decision_grid_key,9.3985E-4
stages_order,9.3985E-4
lead_sales_improvements,9.3985E-4
market_existence_market_size_products_gain,9.3985E-4
purchase_competitors,9.3985E-4
outcomes_stem,9.3985E-4
sales_customers,9.3985E-4
businesses_station_direction,9.3985E-4
majority_advertising,9.3985E-4
strategies_diversification_grid_matrix,9.3985E-4
potential_revenue,9.3985E-4
martin_dresner_chaodong_han,9.3985E-4
stages_business,9.3985E-4
stock_order_market_penetration,9.3985E-4
brand_category_goods_key_measures_products_popularity_penetration_rate_penetration_penetration_rate,9.3985E-4
consumers_market_development,9.3985E-4
population_size_customers_market,9.3985E-4
strategy_evaluation,9.3985E-4
customers_spread,9.3985E-4
customer_limit_resources_dont_capital_reach,9.3985E-4
market_penetration_dividend_growth_rate_ratio_percentage_population_wealth_distribution_ratio_market_penetration_market_penetration,9.3985E-4
disadvantage_competitors_undersell,9.3985E-4
penetration_brand_penetration_market_penetration_percentage,9.3985E-4
market_growth_strategies_productmarket_growth_matrix_development,9.3985E-4
reward_systems_loyalty_pointsdiscounts_strategies,9.3985E-4
capital_stay_surplus_price,9.3985E-4
companies_kantar_worldpanel_acnielsen_offer_panel_measurement,9.3985E-4
idea_business_increase_sales_volume,9.3985E-4
options_matrix,9.3985E-4
manner_increase_market_profits_managers_leaders_monitor,9.3985E-4
consumers_competitors_operation_business_sales,9.3985E-4
competitors_businesss_market,9.3985E-4
market_penetrationpng_farris_bendle_pfeifer_reibstein_alternative,9.3985E-4
markets_products_mcdonalds_fastfood_industry,9.3985E-4
level_entirety_country,9.3985E-4
inventory_management_practices_technology,9.3985E-4
competitors_weakness,9.3985E-4
replenishment_vendor,9.3985E-4
markets_purpose_strategy_market_penetration_business,9.3985E-4
pricing_raise_awareness_brand,9.3985E-4
successfulness_business_model_marketing_strategy_check_successfulness_gauge_market_reach_potential,9.3985E-4
brand_category_period_study_brands_penetration_contrast_penetration_rate,9.3985E-4
strategy_business_penetration_pricing_penetration_pricing_marketing_technique_gain_market,9.3985E-4
businesses_market_business_market,9.3985E-4
revenue_customers,9.3985E-4
matrix_richardson_evans_igor,9.3985E-4
sales_volume_result,9.3985E-4
costs_market_penetration,9.3985E-4
number_products,9.3985E-4
finding_ways_boost_sales_customers,9.3985E-4
advertisings_influence_market_nordmeyer,9.3985E-4
market_population_market_penetration_growth_strategies_productmarket_growth_matrix,9.3985E-4
growth_opportunities,9.3985E-4
price_increases,9.3985E-4
penetration_products,9.3985E-4
profitability_quickmba,9.3985E-4
number_reach,9.3985E-4
market_goods,9.3985E-4
increase_sales_growth,9.3985E-4
customers_purchase,9.3985E-4
spot_globalization,9.3985E-4
inventory_supply_chain_problems_economies_scale_chang_lee_chen_al_gaur_kesavan_gaur_al_hendricks_singhal_huson_nanda_lieberman_al_market_penetration_market_development_development,9.3985E-4
market_good,9.3985E-4
risk_strategies_ansoffs_productmarket_growth_matrix_business,9.3985E-4
penetration_growth,9.3985E-4
change_companies,9.3985E-4
markets_order_gain,9.3985E-4
brand_category_goods_period,9.3985E-4
outquality_competitors_products_match_customers_requirements,9.3985E-4
cell_phone_market_diversification_markets_products_market_penetration,9.3985E-4
profits_increase_sales_productivity_order_stay,9.3985E-4
pricing_increase_marketing_communications,9.3985E-4
alternative_goods_companies,9.3985E-4
total_target_market_market_penetration_key_performance_business_growth_strategy,9.3985E-4
income_average,9.3985E-4
market_penetration_inventory_supply,9.3985E-4
consumers_distribution,9.3985E-4
market_measure_sales_volume,9.3985E-4
potential_market,9.3985E-4
forecast_inventory_supply_connection,9.3985E-4
crisis_johansson_markets,9.3985E-4
target_market_products,9.3985E-4
business_profit_average_market_penetration,9.3985E-4
boston_matrix,9.3985E-4
potential_customers,9.3985E-4
brand_category_period_methodologies_penetration_brands_products,9.3985E-4
promotion_businesses_increase_market_penetration_offering_promotions_customers_promotion_strategy,9.3985E-4
woman_dieting,9.3985E-4
brands_customer_population_number_customers_category,9.3985E-4
advertising_strategy_market_penetration,9.3985E-4
market_increases_decreases_sales,9.3985E-4
factors_market_penetration_development_market_development_diversification_richardson_evans_measures_brand_popularity,9.3985E-4
potential_earnings_business,9.3985E-4
percentage_products,9.3985E-4
markets_han,9.3985E-4
risk_lead,9.3985E-4
sales_volumes_businesses_increase_awareness_change_strategies_competitors,9.3985E-4
contents_definition_purpose_strategies_price_adjustments,9.3985E-4
companys_goodsservices_consumers_attention_span_organizations,9.3985E-4
business_strategy_market_penetration_tool,9.3985E-4
competitors_raise_price,9.3985E-4
owners_business,9.3985E-4
benefits_investment,9.3985E-4
products_markets_products_markets,9.3985E-4
key_staff_leaders_timing_key,9.3985E-4
products_prices_businesses_aim,9.3985E-4
improvement_boost_market_options_market_penetration,9.3985E-4
productmarket_growth_matrix_firms,9.3985E-4
proportion_target,9.3985E-4
prices_price_competition_consumers,9.3985E-4
construction_method,9.3985E-4
number_competitors_business,9.3985E-4
capabilities_characteristics_business_market,9.3985E-4
consumers_perception_brand_method_increase_market_penetration_joseph_improvements_management,9.3985E-4
construction_market_penetration,9.3985E-4
market_strategy,9.3985E-4
pathways_finding_ways,9.3985E-4
stay_provider_contract_issues_applebaum_penetration_pricing_benefits_influence_wordofmouth_advertising,9.3985E-4
design_packaging_materialingredients_market_development_market_development_aims,9.3985E-4
factor_customers,9.3985E-4
attempts_peak_sales,9.3985E-4
market_penetration_growth,9.3985E-4
markets_increase_market_sharevalue_arkolakis,9.3985E-4
network_provider_cable_satellite_companies_providers,9.3985E-4
types_ansoffs_strategies_increases_market_penetration_market_development_development_diversification_market_development,9.3985E-4
market_welfare_businesss_competitors_events_questions,9.3985E-4
market_companies_risks_decision,9.3985E-4
market_penetration_strategies,9.3985E-4
competitors_market_penetration_benchmark_penetration_products,9.3985E-4
aspect_developments_innovation_diversification_strategy_risk_business,9.3985E-4
products_apple,9.3985E-4
opportunities_increase_sales,9.3985E-4
competitors_alteration_consumers,9.3985E-4
market_penetration_yan,9.3985E-4
sales_businesses,9.3985E-4
strategy_sales,9.3985E-4
machinists,8.5373E-4
properly,8.5373E-4
passes,8.5373E-4
cuts,8.5373E-4
numerical,8.5373E-4
dimensional,8.5373E-4
needed_cam,8.5373E-4
optimization,8.5373E-4
roughing,8.5373E-4
cnc_machinist,8.5373E-4
mass,8.5373E-4
computeraided_manufacturing,8.5373E-4
optimized,8.5373E-4
cae,8.5373E-4
numerical_control,8.5373E-4
programmer,8.5373E-4
historical_shortcomings,8.5373E-4
frontend_ffe_set_activities,7.2886E-4
contingencies_whatif,7.2886E-4
swot_analysis_strengths_weaknesses_opportunities_threats_market_trends_companys_department_competitors_focus_groups_employees_salespeople,7.2886E-4
collaboration_concept_design,7.2886E-4
activities_kim_wilemon_husig_al,7.2886E-4
program_initiation,7.2886E-4
business_engineering_development_npd,7.2886E-4
predevelopment_development_activities,7.2886E-4
products_points_key_processes_play,7.2886E-4
products_idea_launch_return_companies,7.2886E-4
marketing_engineering_idea_idea_offering_market_concept_idea,7.2886E-4
manner_fact_carbone_success_factors,7.2886E-4
role_development_talk_customer,7.2886E-4
development_approach,7.2886E-4
testing_concept,7.2886E-4
process_concept,7.2886E-4
platform_radical_projects,7.2886E-4
design_marketing_management_choice_modelling,7.2886E-4
software_design,7.2886E-4
products_development_processes,7.2886E-4
answers_reactions_improvement_concept_business_analysiscitation,7.2886E-4
wikipedias_quality_standards,7.2886E-4
evaluation_activities,7.2886E-4
customer_experience,7.2886E-4
competition_customer_feedback_estimate_sales_volume,7.2886E-4
markets_breakthrough_products_offer_times,7.2886E-4
scope_resources,7.2886E-4
activities_frontend_activities_outcomes_ffe_thecitation,7.2886E-4
forms_reasons,7.2886E-4
project_definition_business,7.2886E-4
analysis_activities_yield,7.2886E-4
store_concepts_idea_generation_techniques_analysis_support_ideas_idea_screening_phase_development_step_idea_screeningcitation,7.2886E-4
discovery_area_development_marketing_considerations_number_approaches,7.2886E-4
process_resources,7.2886E-4
backend_commercialization_phase,7.2886E-4
development_development_cycle,7.2886E-4
customer_target_price_idea_development_testingcitation,7.2886E-4
references_sections_article,7.2886E-4
spies_trade,7.2886E-4
findings_highlight_stagegate_model,7.2886E-4
model_frontend_process,7.2886E-4
concept_identity_business,7.2886E-4
approach_advisablecitation,7.2886E-4
birth_maturation,7.2886E-4
activities_strategy_formulation_communication_identification_assessment_idea_generation_definition_project,7.2886E-4
development_crystal,7.2886E-4
steps_development_process_order,7.2886E-4
test_concept,7.2886E-4
lines_additions,7.2886E-4
customer_values,7.2886E-4
gonogo_development_decision_earliestcitation,7.2886E-4
development_fields_references_process_structure_development_process,7.2886E-4
gate_leads,7.2886E-4
approaches_npd_organizations_npd_strategies,7.2886E-4
marketing_engineering_slant_ulrich_eppinger_ullman_references_pricing_process,7.2886E-4
market_client_technology_limitations_problem,7.2886E-4
action_steps_market_launch,7.2886E-4
elements_path,7.2886E-4
department_scheduling_supplier_collaboration_logistics_plan_resource_plan_publication_program,7.2886E-4
phase_ends_precommercialization_analysisclarification,7.2886E-4
strategy_problems,7.2886E-4
strategies_processes,7.2886E-4
path_analysis_stage_pricingcitation,7.2886E-4
marketing_finances_design,7.2886E-4
models_fact_models,7.2886E-4
improvement_performance,7.2886E-4
complex_process,7.2886E-4
detailedlevel_design_turns_requirements,7.2886E-4
development_idea,7.2886E-4
sell_test_market_area,7.2886E-4
cost_reductions_improvements,7.2886E-4
skill_set_speeds_processcitation,7.2886E-4
development_collaboration_technology,7.2886E-4
processes_regard_development_fivestep_procedure_steps,7.2886E-4
development_project_professionals_academics,7.2886E-4
portfolio_analysis,7.2886E-4
development_process_kim_wilemon_koen_al,7.2886E-4
studies_case_study_method,7.2886E-4
opportunities_implications_business_technology,7.2886E-4
prototype_mockup_test_packaging,7.2886E-4
innovation_manager,7.2886E-4
concerns_management_npd_process_contents_process_structure_development_models_marketing_considerations_stages,7.2886E-4
ideas_sum_newproduct_success,7.2886E-4
discussion_suggestions_september_companies,7.2886E-4
phases_gates_phase,7.2886E-4
area_npd_stagegate_model,7.2886E-4
spread_costs,7.2886E-4
money_products_nature,7.2886E-4
goods_forms_test_process,7.2886E-4
activities_firms,7.2886E-4
marketing_management_ispim,7.2886E-4
customer_tastes_innovation,7.2886E-4
reduction_costs_platform_products,7.2886E-4
screening_ideas,7.2886E-4
project_culture,7.2886E-4
generation_idea_idea_sources_customer_scientists_competitors_employees_channel_management_customer,7.2886E-4
foundation_models,7.2886E-4
products_ideas,7.2886E-4
npd_systems,7.2886E-4
process_companies,7.2886E-4
trials_element_idea_genesis,7.2886E-4
ideas_target_customer_groups_market_studies_andor,7.2886E-4
projects_npd_organizations_development_management_association_pdma_association,7.2886E-4
engineering_design_process,7.2886E-4
definition_idea_concept_phase,7.2886E-4
innovation_management_committee,7.2886E-4
amounts_uncertainty_change,7.2886E-4
segments_price_costs,7.2886E-4
newproduct_development_offering,7.2886E-4
economy_lifecycle_proinnovation_bias_requirements_management,7.2886E-4
place_idea_generation,7.2886E-4
firms_advent_hour_development_cycle_fields_brand_management_engineering,7.2886E-4
problem_design_stage_stage_cycle_costs,7.2886E-4
development_products_uncertainties_challenges_process_companies_face_practices_elimination_barriers_communication,7.2886E-4
employees_suppliers_distributors_dealers,7.2886E-4
projects_lead,7.2886E-4
assessment_suppliers_partners_alliances_market_market_size_segmentation_analysis_voc_voice_customer_idea_testing_customer_assessment_definition_business,7.2886E-4
smith_reinertsen_rg_cooper,7.2886E-4
npd_npd_process_ideas_products,7.2886E-4
period_engineering_development_processes_organization,7.2886E-4
text_phrasing,7.2886E-4
lifecycle_cost,7.2886E-4
hardware_software_engineering_software,7.2886E-4
commercialization_report,7.2886E-4
potential_business_opportunities_phase,7.2886E-4
development_scpd_npd_strategies,7.2886E-4
products_diagram_aboveclarification,7.2886E-4
element_idea_selection_purpose,7.2886E-4
products_lead_family_products_projects_breakthrough_products,7.2886E-4
customer_acceptance,7.2886E-4
engineering_approach,7.2886E-4
situation_management,7.2886E-4
market_business_design_development,7.2886E-4
stages_idea_generation,7.2886E-4
literatureby_innovation_phase_stage_preprojectactivitiescitation,7.2886E-4
aspects_project,7.2886E-4
development_design_sigma,7.2886E-4
experience_companies,7.2886E-4
market_introduction_development_process,7.2886E-4
market_assessment,7.2886E-4
frontend_marketing_phases,7.2886E-4
resources_screener_questions_customer_target_market_benefit_size_growth_forecasts_market_segment_target_market,7.2886E-4
communications_data_sheets_engineering_operations,7.2886E-4
models_today_companies_npd_process_booz,7.2886E-4
spending_newproduct_development,7.2886E-4
development_quality_function_deployment_phasegate_model,7.2886E-4
process_set,7.2886E-4
development_single,7.2886E-4
break_complex_task_pricing,7.2886E-4
marketing_challenges_development_stages_process_koenclarification,7.2886E-4
environment_nature_market,7.2886E-4
inputs_supplier_offering_materialtechnology_customer,7.2886E-4
potential_business_element_idea_technology_development_frontend_business_case,7.2886E-4
quality_management_resource_estimation_requirement_publication,7.2886E-4
architecture_generation_process,7.2886E-4
total_development_cycle_koen_al,7.2886E-4
size_market_tools_fourtwoodlock_equation_estimate_profitability_breakeven_point_beta_testing_market_testingcitation,7.2886E-4
place_idea,7.2886E-4
detection_failure_launch,7.2886E-4
idea_definition_specifications,7.2886E-4
ga_overhead_costs,7.2886E-4
organization_opportunitiescitation,7.2886E-4
productprocess_fit_problems_priority_communication_design_development_effort,7.2886E-4
smooth_process_concept,7.2886E-4
idea_process_idea_genesis,7.2886E-4
property_issues_patent_databases_target_market_decision_maker,7.2886E-4
estimates_total_market_customer_investment_requirements_competition_analysis_project_uncertainty_organizations_stage_nppd_process_stage,7.2886E-4
design_process,7.2886E-4
cost_reduction_design_projects_weeks_years_average_design_commercialization_phases,7.2886E-4
customer_proposition,7.2886E-4
vision_technologies,7.2886E-4
forecast_unit_volumes_revenue_profit_steps,7.2886E-4
analysis_development_schedule_project_staffing_budget_business_plan,7.2886E-4
trade_adjustments,7.2886E-4
area_weakness_npd_process_ffe,7.2886E-4
bah_model_steps_bah_model_strategy_idea_generation_screening_evaluation_business_analysis_development_testing_commercialization_pioneer_npd_robert_cooper_decades,7.2886E-4
competition_alternative,7.2886E-4
products_modeling,7.2886E-4
executive_reviews,7.2886E-4
process_features,7.2886E-4
phase_ends_organization,7.2886E-4
place_advertisements_promotions_distribution_pipeline,7.2886E-4
risk_increase_confidence_pricing_marketing_decisions_processes,7.2886E-4
projects_team,7.2886E-4
concept_implementation_design,7.2886E-4
frontend_elements_order_identification_analysis_idea_genesis_idea_selection_idea_technology_development_element_identification_element,7.2886E-4
innovation_industry_leaders_development,7.2886E-4
app_keditsvg,7.2886E-4
discovery_methods,7.2886E-4
cycle_times,7.2886E-4
complex_development,7.2886E-4
products_companys_departments,7.2886E-4
requirements_marketing,7.2886E-4
design_market_ttm_market_penetration,7.2886E-4
stages_nppd_fourstep_process_ideas,7.2886E-4
procedures_step,7.2886E-4
management_vice_president_program_manager_industries_products,7.2886E-4
development_development_process,7.2886E-4
platform_breakthrough_products,7.2886E-4
factors_success_cost_quality,7.2886E-4
suppliers_customer_companies_problem,7.2886E-4
engineering_market_industry_leaders_development,7.2886E-4
development_products,7.2886E-4
manufacturing_market,7.2886E-4
hamilton_bah_model,7.2886E-4
gates_screening_idea_evaluation_gonogo_development,7.2886E-4
prototype_objects,7.2886E-4
success_rates,7.2886E-4
products_market_pass_series_stages_ideation_design,7.2886E-4
practices_qfd_dfmdfa_output_design_engineering_set_process_specifications_form_drawings_output,7.2886E-4
user_patterns_habits_lines_features_lots_ideas,7.2886E-4
development_chapter_smith_reinertsen_reference,7.2886E-4
design_specification_requirements_specification,7.2886E-4
stage_implementation_phase,7.2886E-4
innovation_management_society,7.2886E-4
alliances_organizations,7.2886E-4
strategies_portfolios_iv_approaches_authors,7.2886E-4
step_visualise_customers_prototype,7.2886E-4
customer_requirements_increase_market,7.2886E-4
peter_koen_al_fivestep_frontend_activity,7.2886E-4
practices_strategies,7.2886E-4
pressure_idea_industry_sales_market_trends_idea,7.2886E-4
design_phase,7.2886E-4
screening_identification_stage,7.2886E-4
market_development_literature_transformation_market_sale,7.2886E-4
variables_companies,7.2886E-4
process_success,7.2886E-4
experience_belief,7.2886E-4
usage_situations_conduct_focus_customer_interviews,7.2886E-4
resources_development_idea_phase_consideration,7.2886E-4
phases_innovation_process_model,7.2886E-4
mission_statement_customer,7.2886E-4
frontend_innovation_identification_analysis_idea_genesis_idea_selection_idea_technology_development,7.2886E-4
activities_opportunities_formation_germ_idea_development,7.2886E-4
variables_drive_customer,7.2886E-4
stage_gate_tm_process,7.2886E-4
fuzziness_ambiguity_uncertainty,7.2886E-4
activities_innovation,7.2886E-4
development_concept,7.2886E-4
frontend_stages_barriers_influence_process_outcome_engine,7.2886E-4
nppd_process_development_strategy_element_analysis,7.2886E-4
software_large_vendors,5.6915E-4
nc_programmer,5.6915E-4
technologies_cam,5.6915E-4
direct_numerical,5.6915E-4
integration_plm_extended_enterprise,5.6915E-4
clearing,5.6915E-4
integration_cad,5.6915E-4
manufacturing_complexity,5.6915E-4
todays_cam,5.6915E-4
machine_operator,5.6915E-4
contour,5.6915E-4
software_large,5.6915E-4
common_strategies,5.6915E-4
user_confidence,5.6915E-4
dnc,5.6915E-4
simple,5.6915E-4
machine_tools,5.6915E-4
direct_numerical_control_dnc,5.6915E-4
control_dnc,5.6915E-4
piece,5.6915E-4
computer_assist,5.6915E-4
overcoming_historical_shortcomings,5.6915E-4
fabrication,5.6915E-4
tool_paths,5.6915E-4
large_vendors,5.6915E-4
direct_numerical_control,5.6915E-4
integration_plm,5.6915E-4
todays,5.6915E-4
overcoming_historical,5.6915E-4
approximate,5.6915E-4
visualization,5.6915E-4
software_control,5.6915E-4
generated_cad,5.6915E-4
vendors,5.6915E-4
programming,5.6915E-4
workforce,5.6915E-4
storage,5.6915E-4
overcoming,5.6915E-4
cim,5.6915E-4
design_cad,5.6915E-4
cam_schools,5.6915E-4
extended_enterprise,5.6915E-4
plm_extended_enterprise,5.6915E-4
including_planning,5.6915E-4
software_output,5.6915E-4
exchange,5.6915E-4
cam_package,5.6915E-4
cam_software_control,5.6915E-4
plm_extended,5.6915E-4
cam_user,5.6915E-4
tooling,5.6915E-4
revenues,5.6915E-4
numerical_control_dnc,5.6915E-4
needed_cam_software,5.6915E-4
computeraided_design,5.6915E-4
computeraided_design_cad,5.6915E-4
printing,5.6915E-4
schools,5.6915E-4
ease_user,5.6915E-4
assistance,5.6915E-4
surface_finish,5.6915E-4
axis_machining,5.6915E-4
semif,5.6915E-4
precision,5.6915E-4
integration_plm_extended,5.6915E-4
offset,5.6915E-4
feed_rates,5.6915E-4
formats,5.6915E-4
fabrication_direct,5.6915E-4
